date,open,high,low,close,volume
2021-12-21 05:00:00,913.07,916.25,909.5,909.5,31769
2021-12-21 06:00:00,908.99,913.0,908.99,913.0,5692
2021-12-21 07:00:00,912.65,915.8,912.65,913.81,11813
2021-12-21 08:00:00,915.15,915.45,912.0,912.0,67578
2021-12-21 09:00:00,912.9122,915.0,899.94,899.94,103963
2021-12-21 10:00:00,913.53,923.77,903.5,904.14,3635215
2021-12-21 11:00:00,904.14,907.89,886.12,896.16,4631077
2021-12-21 12:00:00,896.07,912.3435,893.23,908.88,2960626
2021-12-21 13:00:00,908.895,913.76,904.5301,913.76,1915808
2021-12-21 14:00:00,913.5975,936.6,913.16,928.125,3862531
2021-12-21 15:00:00,928.28,934.97,926.22,933.335,2422874
2021-12-21 16:00:00,933.339,939.5,928.7,938.41,2976351
2021-12-21 17:00:00,938.53,939.0,914.188663,935.2,326799
2021-12-21 18:00:00,935.75,937.01,935.02,935.32,33325
2021-12-21 19:00:00,935.8,935.84,932.51,933.6,129538
2021-12-21 20:00:00,933.3,934.0,930.01,930.4,50360
2021-12-22 05:00:00,943.0,959.75,936.4,959.75,107554
2021-12-22 06:00:00,959.8,961.92,956.79,959.4,32663
2021-12-22 07:00:00,959.98,966.51,959.98,962.0,56173
2021-12-22 08:00:00,961.72,978.0,961.7,973.15,494484
2021-12-22 09:00:00,967.5962,978.0,962.0,971.25,424759
2021-12-22 10:00:00,971.5,985.1,957.05,983.06,5846503
2021-12-22 11:00:00,983.3,999.7999,965.64,998.59,5529748
2021-12-22 12:00:00,998.65,1015.6599,997.3201,1005.15,5698417
2021-12-22 13:00:00,1005.38,1010.2499,993.51,996.1981,2788483
2021-12-22 14:00:00,996.18,1000.44,988.9001,996.16,2522702
2021-12-22 15:00:00,996.31,1006.2699,969.4033,1004.54,2803500
2021-12-22 16:00:00,1005.17,1010.14,999.0,1008.63,3502379
2021-12-22 17:00:00,1008.87,1013.25,1007.99,1012.0,538664
2021-12-22 18:00:00,1011.85,1012.01,1001.11,1004.64,149516
2021-12-22 19:00:00,1004.45,1005.84,1001.56,1004.0,61163
2021-12-22 20:00:00,1003.55,1004.5,1002.01,1003.0,74124
2021-12-23 05:00:00,1009.48,1027.94,1007.1,1025.98,95283
2021-12-23 06:00:00,1026.49,1027.8,1023.22,1024.02,38877
2021-12-23 07:00:00,1024.02,1024.25,1017.0,1017.99,40005
2021-12-23 08:00:00,1017.99,1023.0,1016.4,1020.4,171294
2021-12-23 09:00:00,1021.3712,1023.0,1008.25,1010.56,343585
2021-12-23 10:00:00,1011.9,1014.49,997.56,1007.52,3964006
2021-12-23 11:00:00,1007.45,1043.21,1006.41,1042.68,6304792
2021-12-23 12:00:00,1042.81,1055.8183,1040.3501,1054.7134,4823403
2021-12-23 13:00:00,1054.95,1069.1,1053.53,1064.125,5277042
2021-12-23 14:00:00,1064.09,1068.99,1057.5901,1066.48,2338404
2021-12-23 15:00:00,1066.53,1072.9767,1062.1,1067.4499,2709072
2021-12-23 16:00:00,1067.2799,1069.35,1058.5,1067.46,3796547
2021-12-23 17:00:00,1067.0,1068.29,1059.41391,1065.1,280270
2021-12-23 18:00:00,1065.0,1066.5,1064.01,1066.47,85580
2021-12-23 19:00:00,1066.22,1067.0,1065.03,1066.0,22124
2021-12-23 20:00:00,1065.65,1069.72,1065.45,1069.3,39568
2021-12-27 05:00:00,1070.8,1084.49,1070.8,1082.0,65049
2021-12-27 06:00:00,1083.0,1083.0,1074.0,1074.0,20563
2021-12-27 07:00:00,1076.5,1076.5,1071.69,1076.25,15313
2021-12-27 08:00:00,1076.88,1083.75,1075.0,1082.06,143339
2021-12-27 09:00:00,1076.9976,1083.75,1075.0,1080.13,164933
2021-12-27 10:00:00,1080.11,1098.98,1070.7152,1092.27,4887396
2021-12-27 11:00:00,1092.3,1113.28,1087.0,1109.87,5103333
2021-12-27 12:00:00,1110.205,1112.62,1099.92,1112.62,2831294
2021-12-27 13:00:00,1112.51,1117.0,1106.5,1112.56,2496757
2021-12-27 14:00:00,1112.53,1114.7699,1105.5,1108.84,1534485
2021-12-27 15:00:00,1108.9999,1112.66,1104.44,1106.1,1530334
2021-12-27 16:00:00,1106.4414,1106.4414,1087.6,1093.82,3544906
2021-12-27 17:00:00,1093.94,1097.47,1092.64,1095.0,212329
2021-12-27 18:00:00,1095.25,1098.0,1094.16,1097.0,24343
2021-12-27 19:00:00,1097.38,1097.38,1094.5,1094.5,17116
2021-12-27 20:00:00,1094.47,1094.47,1092.0,1092.0,45942
2021-12-28 05:00:00,1105.81,1106.76,1102.0,1104.7,31656
2021-12-28 06:00:00,1104.5,1106.73,1104.5,1105.8,6629
2021-12-28 07:00:00,1106.5,1109.22,1106.5,1108.79,6724
2021-12-28 08:00:00,1109.0,1115.0,1106.0,1113.0,144013
2021-12-28 09:00:00,1111.5001,1116.95,1096.674,1107.56,250203
2021-12-28 10:00:00,1107.5,1118.9999,1089.24,1097.0,4436917
2021-12-28 11:00:00,1096.99,1098.99,1078.42,1087.49,4153364
2021-12-28 12:00:00,1087.7,1098.0,1081.11,1096.3639,2259685
2021-12-28 13:00:00,1096.39,1102.0,1088.01,1091.0,2322504
2021-12-28 14:00:00,1090.62,1097.22,1085.79,1090.72,1423835
2021-12-28 15:00:00,1090.6,1093.2999,1084.3001,1091.37,1647780
2021-12-28 16:00:00,1091.52,1098.79,1086.16,1088.85,2544305
2021-12-28 17:00:00,1088.47,1091.33,1085.01,1089.25,308780
2021-12-28 18:00:00,1089.2,1089.75,1087.0,1087.0,23104
2021-12-28 19:00:00,1088.0,1092.72,1085.3,1092.5,42029
2021-12-28 20:00:00,1092.35,1094.0,1092.0,1093.5,43640
2021-12-29 05:00:00,1103.0,1115.62,1103.0,1113.34,78324
2021-12-29 06:00:00,1113.34,1115.43,1111.42,1112.3,26768
2021-12-29 07:00:00,1111.5,1111.5,1108.51,1110.09,14749
2021-12-29 08:00:00,1110.0,1110.0,1095.47,1098.23,232404
2021-12-29 09:00:00,1101.4008,1109.305,1091.191,1096.58,216778
2021-12-29 10:00:00,1096.89,1104.0,1081.0601,1083.3,3004913
2021-12-29 11:00:00,1083.59,1084.015,1064.14,1083.6799,4107408
2021-12-29 12:00:00,1083.395,1087.4449,1072.5001,1074.2227,2146368
2021-12-29 13:00:00,1074.3999,1084.5,1072.5104,1082.765,1451427
2021-12-29 14:00:00,1082.79,1091.0,1081.91,1087.9998,2055881
2021-12-29 15:00:00,1087.907,1097.115,1086.73,1092.9375,1999559
2021-12-29 16:00:00,1093.18,1093.4899,1084.3,1085.5601,2400576
2021-12-29 17:00:00,1086.19,1086.4,1072.2201,1083.0,412891
2021-12-29 18:00:00,1083.0,1084.98,1082.6,1083.75,17858
2021-12-29 19:00:00,1084.01,1084.01,1082.0,1082.0,14925
2021-12-29 20:00:00,1082.21,1082.21,1078.08,1082.0,60183
2021-12-30 05:00:00,1088.99,1091.01,1086.1,1090.91,14131
2021-12-30 06:00:00,1087.17,1089.49,1087.17,1089.0,1569
2021-12-30 07:00:00,1086.2,1087.0,1069.59,1073.77,40969
2021-12-30 08:00:00,1073.0,1084.0,1073.0,1077.5,60146
2021-12-30 09:00:00,1081.5675,1084.58,1065.51,1066.79,293955
2021-12-30 10:00:00,1067.0,1086.19,1053.15,1073.94,3512969
2021-12-30 11:00:00,1073.96,1083.9899,1071.26,1075.35,2720637
2021-12-30 12:00:00,1075.35,1089.92,1075.2,1087.74,1896870
2021-12-30 13:00:00,1087.5861,1095.55,1087.5247,1091.28,1783961
2021-12-30 14:00:00,1091.62,1091.8199,1083.66,1085.595,1070752
2021-12-30 15:00:00,1085.41,1085.59,1078.2,1081.3,1225626
2021-12-30 16:00:00,1081.5,1081.5,1068.33,1070.33,2373076
2021-12-30 17:00:00,1070.33,1070.34,1066.0,1066.02,182854
2021-12-30 18:00:00,1065.98,1068.8799,1065.86,1067.05,127407
2021-12-30 19:00:00,1068.15,1073.75,1068.15,1073.5,32690
2021-12-30 20:00:00,1073.7999,1074.25,1065.35,1066.0,61904
2021-12-31 05:00:00,1066.0,1067.0,1060.5,1063.8,24020
2021-12-31 06:00:00,1064.26,1065.0,1061.8,1061.8,4079
2021-12-31 07:00:00,1062.0,1062.0,1060.82,1061.51,6516
2021-12-31 08:00:00,1061.7,1066.77,1061.7,1066.39,47454
2021-12-31 09:00:00,1062.02,1078.4,1062.0,1076.0,174963
2021-12-31 10:00:00,1075.52,1081.9999,1066.24,1071.0,2216999
2021-12-31 11:00:00,1070.338,1075.0,1063.0001,1066.885,1993545
2021-12-31 12:00:00,1066.92,1076.3468,1063.26,1070.5844,2292841
2021-12-31 13:00:00,1070.51,1073.43,1066.36,1071.43,1323260
2021-12-31 14:00:00,1071.49,1072.0,1064.85,1065.8798,1002155
2021-12-31 15:00:00,1065.8477,1066.71,1059.5,1062.0,1407605
2021-12-31 16:00:00,1062.13,1064.93,1054.59,1057.16,2311024
2021-12-31 17:00:00,1057.01,1061.02,1056.0,1060.0,234639
2021-12-31 18:00:00,1060.0,1060.0001,1059.01,1059.24,13901
2021-12-31 19:00:00,1059.24,1060.5,1058.2,1060.4999,18299
2021-12-31 20:00:00,1060.5,1062.9899,1060.25,1062.9,27701
2022-01-03 05:00:00,1109.74,1134.25,1106.0,1129.0,262023
2022-01-03 06:00:00,1130.0,1131.5,1125.77,1127.49,48849
2022-01-03 07:00:00,1128.5,1138.0,1128.5,1134.01,144426
2022-01-03 08:00:00,1134.5,1135.0,1129.2,1132.0,339920
2022-01-03 09:00:00,1132.356,1134.5,1126.5,1132.64,587678
2022-01-03 10:00:00,1132.5,1170.0,1130.2,1148.9999,8358171
2022-01-03 11:00:00,1149.28,1168.52,1146.5,1168.3,4616441
2022-01-03 12:00:00,1168.15,1174.09,1160.34,1165.59,3624429
2022-01-03 13:00:00,1165.2601,1175.8,1162.71,1174.08,2191817
2022-01-03 14:00:00,1174.0,1180.5822,1172.7919,1178.22,2507326
2022-01-03 15:00:00,1178.0,1194.86,1177.4501,1194.4818,3504700
2022-01-03 16:00:00,1194.38,1201.07,1187.4001,1199.65,6689418
2022-01-03 17:00:00,1199.78,1208.88,1198.35,1205.0201,927807
2022-01-03 18:00:00,1205.42,1207.0,1199.78,1207.0,137503
2022-01-03 19:00:00,1206.99,1208.95,1199.78,1207.3,89479
2022-01-03 20:00:00,1207.3001,1210.0,1205.41,1209.9999,120130
2022-01-04 05:00:00,1200.98,1210.21,1189.21,1195.8,99551
2022-01-04 06:00:00,1195.7,1198.89,1195.06,1198.89,14290
2022-01-04 07:00:00,1198.89,1208.0,1198.89,1202.5,52414
2022-01-04 08:00:00,1204.5,1209.44,1201.84,1203.5,222275
2022-01-04 09:00:00,1204.8899,1209.3,1195.0,1196.1,281457
2022-01-04 10:00:00,1196.3,1208.0,1178.1,1190.36,5651105
2022-01-04 11:00:00,1190.3806,1191.06,1151.65,1151.9835,6502700
2022-01-04 12:00:00,1152.2741,1155.5376,1123.05,1142.6199,7248427
2022-01-04 13:00:00,1142.075,1165.0,1141.2,1157.17,3227233
2022-01-04 14:00:00,1157.025,1165.85,1141.14,1141.885,2718306
2022-01-04 15:00:00,1141.6922,1153.77,1135.3177,1145.6901,3203118
2022-01-04 16:00:00,1145.6213,1155.0,1140.5001,1149.63,3193898
2022-01-04 17:00:00,1149.59,1149.59,1145.5,1147.66,234750
2022-01-04 18:00:00,1147.89,1149.59,1145.98,1146.4999,32455
2022-01-04 19:00:00,1146.4,1146.75,1142.5,1142.5,55982
2022-01-04 20:00:00,1142.35,1142.4499,1140.0,1140.0,81667
2022-01-05 05:00:00,1132.15,1141.35,1127.65,1132.96,56923
2022-01-05 06:00:00,1133.81,1141.11,1133.0,1138.13,19206
2022-01-05 07:00:00,1137.65,1137.65,1133.97,1135.0,5532
2022-01-05 08:00:00,1137.0,1139.72,1135.0,1139.72,76570
2022-01-05 09:00:00,1137.0749,1148.41,1135.07,1146.33,238000
2022-01-05 10:00:00,1147.0,1162.5999,1129.0301,1161.57,3831420
2022-01-05 11:00:00,1161.7137,1170.34,1142.17,1152.595,4510594
2022-01-05 12:00:00,1152.39,1157.88,1141.1101,1142.0985,2098503
2022-01-05 13:00:00,1141.9452,1145.9799,1134.53,1138.0,1730706
2022-01-05 14:00:00,1138.375,1142.32,1132.0,1137.0768,1581021
2022-01-05 15:00:00,1136.755,1145.97,1104.2,1104.9983,4329637
2022-01-05 16:00:00,1105.18,1106.9999,1081.0101,1087.6201,6813548
2022-01-05 17:00:00,1088.0,1088.98,1078.71,1078.73,509830
2022-01-05 18:00:00,1079.97,1083.29,1077.0,1082.74,134839
2022-01-05 19:00:00,1082.21,1082.95,1073.8,1082.5,187484
2022-01-05 20:00:00,1082.48,1086.5,1080.14,1083.5,96760
2022-01-06 05:00:00,1086.0,1086.0,1066.3,1070.5,119107
2022-01-06 06:00:00,1072.0,1079.0,1071.78,1073.0,36579
2022-01-06 07:00:00,1075.0,1076.74,1069.25,1071.12,38509
2022-01-06 08:00:00,1072.74,1077.0,1066.27,1071.0,196552
2022-01-06 09:00:00,1071.9721,1077.0,1066.1,1072.0,212996
2022-01-06 10:00:00,1071.5,1088.0,1040.0,1049.9899,5481969
2022-01-06 11:00:00,1049.0,1068.84,1020.5,1065.35,8938937
2022-01-06 12:00:00,1065.24,1077.8078,1049.11,1062.0,4231262
2022-01-06 13:00:00,1062.0,1075.14,1059.071,1069.9009,2193819
2022-01-06 14:00:00,1070.0,1072.4099,1059.2501,1067.19,1777988
2022-01-06 15:00:00,1066.9,1080.0,1059.6,1076.1883,2484848
2022-01-06 16:00:00,1076.115,1084.565,1058.13,1064.7,3251605
2022-01-06 17:00:00,1064.8,1068.43,1061.5,1066.0,572778
2022-01-06 18:00:00,1066.79,1066.79,1064.0,1065.5,28944
2022-01-06 19:00:00,1065.5,1071.0,1065.5,1068.26,41416
2022-01-06 20:00:00,1070.25,1076.8499,1068.5,1076.01,71271
2022-01-07 05:00:00,1066.71,1081.0,1056.52,1078.06,36622
2022-01-07 06:00:00,1076.0,1076.5,1070.4,1076.0,7479
2022-01-07 07:00:00,1074.0,1080.0,1074.0,1079.66,12077
2022-01-07 08:00:00,1078.0,1101.0,1077.0,1077.01,87112
2022-01-07 09:00:00,1080.0004,1084.48,1063.9,1065.64,316380
2022-01-07 10:00:00,1066.0443,1081.88,1052.9101,1073.98,3585462
2022-01-07 11:00:00,1073.98,1074.53,1030.0,1040.9001,5329819
2022-01-07 12:00:00,1041.41,1046.0,1023.35,1041.5,4166522
2022-01-07 13:00:00,1041.75,1044.03,1027.72,1038.35,2433152
2022-01-07 14:00:00,1038.0,1039.3366,1020.8,1024.16,2389902
2022-01-07 15:00:00,1024.77,1039.4999,1010.0,1032.0,4660436
2022-01-07 16:00:00,1032.15,1039.4599,1019.22,1026.9,4070632
2022-01-07 17:00:00,1026.96,1028.5,1024.25,1024.79,233628
2022-01-07 18:00:00,1025.11,1027.0,1021.15,1023.0,121685
2022-01-07 19:00:00,1022.5,1026.75,1022.01,1025.5,34337
2022-01-07 20:00:00,1026.0,1027.0,1025.01,1026.9,35090
2022-01-10 05:00:00,1023.16,1032.81,1020.2,1031.2,50709
2022-01-10 06:00:00,1030.0,1033.0,1015.01,1018.0,44988
2022-01-10 07:00:00,1016.0,1019.0,1013.4,1017.98,32838
2022-01-10 08:00:00,1019.0,1019.0,998.0,998.02,316364
2022-01-10 09:00:00,1014.0,1019.69,995.1,999.0,448137
2022-01-10 10:00:00,999.0,1007.3699,980.0,993.05,5802723
2022-01-10 11:00:00,992.73,1017.2643,985.25,1006.54,6066811
2022-01-10 12:00:00,1005.5222,1031.9299,999.5,1026.1675,4299793
2022-01-10 13:00:00,1026.1506,1026.1506,1005.26,1022.425,2470141
2022-01-10 14:00:00,1022.83,1028.81,1014.3001,1025.2699,2084511
2022-01-10 15:00:00,1025.26,1044.44,1024.68,1038.67,3269309
2022-01-10 16:00:00,1038.51,1059.1,1015.0,1058.27,4402815
2022-01-10 17:00:00,1058.12,1064.5,1058.12,1061.59,548495
2022-01-10 18:00:00,1061.0,1066.8,1060.17,1066.11,80223
2022-01-10 19:00:00,1066.5,1073.35,1064.75,1071.08,104893
2022-01-10 20:00:00,1071.5,1072.02,1065.0,1067.79,66785
2022-01-11 05:00:00,1068.8,1079.26,1065.81,1075.0,72844
2022-01-11 06:00:00,1072.9,1075.6,1068.6,1072.0,19491
2022-01-11 07:00:00,1070.0,1070.94,1063.0,1066.71,22533
2022-01-11 08:00:00,1069.25,1072.38,1067.35,1067.35,151663
2022-01-11 09:00:00,1070.9984,1072.0,1052.1,1052.15,316557
2022-01-11 10:00:00,1052.2501,1062.6,1038.82,1054.18,3991030
2022-01-11 11:00:00,1055.65,1075.0,1044.2,1053.365,5028725
2022-01-11 12:00:00,1054.0,1075.85,1053.2501,1071.0,3375599
2022-01-11 13:00:00,1071.0,1071.99,1053.3,1064.3293,2248659
2022-01-11 14:00:00,1064.8686,1067.56,1056.5377,1063.58,1525829
2022-01-11 15:00:00,1062.94,1067.31,1053.5001,1059.3834,1845487
2022-01-11 16:00:00,1059.69,1066.1999,1054.4901,1064.4,2312967
2022-01-11 17:00:00,1064.4,1064.5,1059.05,1060.75,320114
2022-01-11 18:00:00,1061.29,1062.3499,1060.75,1062.0464,16350
2022-01-11 19:00:00,1062.38,1062.45,1060.3,1060.3,12059
2022-01-11 20:00:00,1060.5,1061.0,1058.57,1059.0,46799
2022-01-12 05:00:00,1058.9,1070.48,1058.0,1069.0,27138
2022-01-12 06:00:00,1070.0,1071.0,1069.0,1069.69,8240
2022-01-12 07:00:00,1068.0,1069.0,1066.5,1068.99,6640
2022-01-12 08:00:00,1067.39,1069.99,1065.0,1065.0,80301
2022-01-12 09:00:00,1067.538,1082.59,1064.8154,1081.16,374391
2022-01-12 10:00:00,1081.0,1088.88,1072.5901,1085.345,4337443
2022-01-12 11:00:00,1085.504,1102.9648,1081.25,1089.0,6474268
2022-01-12 12:00:00,1089.0,1096.75,1083.7341,1092.0622,2979004
2022-01-12 13:00:00,1092.25,1102.15,1087.7503,1101.06,2324630
2022-01-12 14:00:00,1101.35,1103.4,1094.5,1098.62,2239558
2022-01-12 15:00:00,1098.0001,1113.84,1093.38,1113.0501,3700011
2022-01-12 16:00:00,1113.2095,1114.84,1105.0,1106.604,3703350
2022-01-12 17:00:00,1106.22,1108.68,1105.75,1107.31,410428
2022-01-12 18:00:00,1107.13,1108.0,1104.22,1108.0,46563
2022-01-12 19:00:00,1108.6,1108.96,1105.5,1106.88,22535
2022-01-12 20:00:00,1106.11,1109.0,1105.75,1109.0,38997
2022-01-13 05:00:00,1104.26,1110.0,1098.0,1103.9,28007
2022-01-13 06:00:00,1105.59,1110.75,1105.59,1108.13,12492
2022-01-13 07:00:00,1110.15,1110.15,1102.75,1102.75,9654
2022-01-13 08:00:00,1103.8,1110.0,1103.8,1109.28,89094
2022-01-13 09:00:00,1107.4988,1114.84,1104.0,1114.0,238392
2022-01-13 10:00:00,1114.24,1115.6,1099.0,1111.46,3780586
2022-01-13 11:00:00,1111.9899,1112.5999,1069.12,1074.06,6217849
2022-01-13 12:00:00,1074.0537,1084.0,1065.0,1074.37,4301985
2022-01-13 13:00:00,1074.0,1074.553,1051.3,1057.98,4276268
2022-01-13 14:00:00,1057.73,1067.4,1053.5,1066.5,2834749
2022-01-13 15:00:00,1066.4169,1072.04,1052.89,1059.3733,2796744
2022-01-13 16:00:00,1059.09,1059.09,1026.5391,1031.46,5873794
2022-01-13 17:00:00,1031.56,1034.5,1027.21,1034.5,937723
2022-01-13 18:00:00,1034.84,1034.95,1032.01,1033.5,74489
2022-01-13 19:00:00,1033.9,1034.5,1030.0,1030.0,74737
2022-01-13 20:00:00,1029.97,1030.96,1025.89,1025.89,73865
2022-01-14 05:00:00,1040.2,1040.2,1032.41,1034.47,43424
2022-01-14 06:00:00,1033.62,1036.0,1032.7,1035.06,7925
2022-01-14 07:00:00,1034.05,1034.76,1022.45,1027.5,22578
2022-01-14 08:00:00,1027.53,1031.0,1010.0,1010.0,206267
2022-01-14 09:00:00,1026.0529,1031.0,997.59,1006.0,665428
2022-01-14 10:00:00,1005.93,1044.95,1002.55,1036.5743,5014190
2022-01-14 11:00:00,1036.5,1048.6499,1024.6873,1035.0782,4455031
2022-01-14 12:00:00,1034.995,1045.5,1026.37,1041.1394,3130519
2022-01-14 13:00:00,1041.4,1042.6,1026.8,1027.665,1650389
2022-01-14 14:00:00,1027.5,1041.28,1020.0,1037.71,2486963
2022-01-14 15:00:00,1037.59,1040.55,1028.45,1035.55,2144617
2022-01-14 16:00:00,1036.0,1052.0,1035.34,1049.89,3757847
2022-01-14 17:00:00,1049.61,1050.49,1049.5,1050.0,179512
2022-01-14 18:00:00,1050.0,1050.13,1049.7,1050.0,19292
2022-01-14 19:00:00,1049.95,1049.95,1048.79,1049.75,15520
2022-01-14 20:00:00,1049.85,1049.9,1045.99,1046.0,26863
2022-01-18 05:00:00,1032.0,1035.01,1016.5,1021.0,104314
2022-01-18 06:00:00,1021.09,1024.64,1021.09,1022.0,14758
2022-01-18 07:00:00,1021.95,1025.0,1021.5,1022.74,21909
2022-01-18 08:00:00,1023.99,1032.94,1021.2,1024.58,172726
2022-01-18 09:00:00,1030.0436,1049.61,1020.0,1025.02,216622
2022-01-18 10:00:00,1026.0,1046.55,1016.06,1044.0,3515792
2022-01-18 11:00:00,1044.515,1070.7899,1038.28,1048.8305,4489742
2022-01-18 12:00:00,1048.88,1055.7999,1038.85,1053.36,2874521
2022-01-18 13:00:00,1054.0,1055.2999,1036.1,1041.3341,1761091
2022-01-18 14:00:00,1041.5126,1043.77,1032.01,1042.7317,1854079
2022-01-18 15:00:00,1042.7586,1053.76,1038.2201,1049.9999,2147680
2022-01-18 16:00:00,1049.51,1052.51,1026.69,1030.52,3018750
2022-01-18 17:00:00,1030.95,1032.27,1028.1,1032.0,1083421
2022-01-18 18:00:00,1031.94,1031.94,1028.16,1028.5,16004
2022-01-18 19:00:00,1030.0,1030.0,1026.0,1028.0,21470
2022-01-18 20:00:00,1027.98,1028.66,1024.63,1025.01,35243
2022-01-19 05:00:00,1024.71,1041.0,1024.57,1040.97,33731
2022-01-19 06:00:00,1043.99,1046.02,1041.3,1043.0,14661
2022-01-19 07:00:00,1045.0,1045.0,1040.54,1043.0,5258
2022-01-19 08:00:00,1041.05,1043.0,1032.52,1039.89,85601
2022-01-19 09:00:00,1041.3667,1048.0,1032.7,1046.8,178915
2022-01-19 10:00:00,1046.03,1054.6699,1032.61,1036.0,3190650
2022-01-19 11:00:00,1036.2,1038.0,1003.0,1013.85,4668504
2022-01-19 12:00:00,1013.607,1018.89,995.5,1010.035,4693133
2022-01-19 13:00:00,1009.52,1027.84,1008.3323,1024.37,2957663
2022-01-19 14:00:00,1024.37,1024.37,1009.2,1014.5001,1936777
2022-01-19 15:00:00,1014.77,1016.3,1001.1,1007.35,2438061
2022-01-19 16:00:00,1007.34,1011.29,995.0,995.65,3984123
2022-01-19 17:00:00,995.65,996.38,989.1,993.8,430433
2022-01-19 18:00:00,993.77,994.89,993.5,994.8,36353
2022-01-19 19:00:00,994.83,997.7,992.15,993.2,55695
2022-01-19 20:00:00,993.5,1000.0,993.47,999.0,68149
2022-01-20 05:00:00,1011.0,1016.84,1008.0,1013.98,42788
2022-01-20 06:00:00,1008.75,1013.0,1008.75,1013.0,3630
2022-01-20 07:00:00,1012.7,1016.0,1011.9,1012.75,9033
2022-01-20 08:00:00,1012.81,1014.0,1006.33,1013.0,117258
2022-01-20 09:00:00,1011.255,1016.25,1007.1279,1014.0,165446
2022-01-20 10:00:00,1014.02,1027.0,1002.65,1020.432,3976242
2022-01-20 11:00:00,1020.88,1041.66,1017.64,1039.72,4372273
2022-01-20 12:00:00,1039.72,1040.48,1028.22,1033.0,2558697
2022-01-20 13:00:00,1033.15,1038.0,1028.98,1032.673,1490387
2022-01-20 14:00:00,1032.3,1034.4,1025.5,1027.55,2007370
2022-01-20 15:00:00,1027.64,1031.9899,1010.1301,1010.5001,2398245
2022-01-20 16:00:00,1010.5286,1014.7399,994.0,996.1901,5103923
2022-01-20 17:00:00,996.27,998.0,982.62,991.0,548855
2022-01-20 18:00:00,990.42,991.0,982.2,985.0,122951
2022-01-20 19:00:00,985.74,990.0,984.0,988.94,64209
2022-01-20 20:00:00,989.89,990.0,988.13,989.9,39045
2022-01-21 05:00:00,995.87,1000.0,992.1,998.04,45674
2022-01-21 06:00:00,997.76,1002.3,997.76,1001.0,17057
2022-01-21 07:00:00,997.56,997.56,989.9,993.59,39599
2022-01-21 08:00:00,992.36,994.0,983.15,986.95,143851
2022-01-21 09:00:00,990.1004,993.6,982.0407,989.5,216183
2022-01-21 10:00:00,990.67,1004.55,966.4801,969.745,5142854
2022-01-21 11:00:00,969.505,983.6599,951.33,973.5399,8130538
2022-01-21 12:00:00,973.1675,984.04,960.53,965.41,4330494
2022-01-21 13:00:00,964.71,977.49,954.115,959.16,3173649
2022-01-21 14:00:00,958.9299,965.0,954.67,956.328,2695463
2022-01-21 15:00:00,956.7443,962.49,948.99,949.09,2861105
2022-01-21 16:00:00,949.23,962.34,940.5,942.97,6256571
2022-01-21 17:00:00,943.9,944.42,939.0,939.68,331502
2022-01-21 18:00:00,939.7,943.9,935.1,935.95,116971
2022-01-21 19:00:00,936.0,943.9,935.0,936.99,110119
2022-01-21 20:00:00,936.5,936.88,935.01,936.0,74175
2022-01-24 05:00:00,951.67,952.35,931.14,932.51,109805
2022-01-24 06:00:00,932.0,932.0,905.06,914.0,234785
2022-01-24 07:00:00,915.52,921.64,913.61,920.0,87577
2022-01-24 08:00:00,921.28,922.95,907.81,912.5,286125
2022-01-24 09:00:00,912.0,943.9,887.04,892.64,965689
2022-01-24 10:00:00,892.97,915.91,852.31,864.02,9848565
2022-01-24 11:00:00,864.64,902.4299,861.64,891.47,8274786
2022-01-24 12:00:00,890.9558,904.79,860.01,873.74,5003195
2022-01-24 13:00:00,873.745,881.9499,851.47,880.34,5796785
2022-01-24 14:00:00,880.0,905.86,876.31,901.2262,7910195
2022-01-24 15:00:00,901.53,907.36,873.6,890.3779,4191483
2022-01-24 16:00:00,890.0916,933.5131,883.7201,930.13,6070016
2022-01-24 17:00:00,930.0,930.0,923.2,926.82,743111
2022-01-24 18:00:00,926.3,930.0,904.35,922.0,74733
2022-01-24 19:00:00,921.63,922.0,912.0,920.0,91571
2022-01-24 20:00:00,920.0,930.0,910.0,910.0,114901
2022-01-25 05:00:00,905.0,914.8,894.32,912.0,131770
2022-01-25 06:00:00,913.0,914.5,907.0,908.0,24787
2022-01-25 07:00:00,908.01,912.0,903.0,909.99,28669
2022-01-25 08:00:00,908.0,910.0,896.5,901.0,141223
2022-01-25 09:00:00,902.1473,909.3695,896.5,906.0,285064
2022-01-25 10:00:00,905.0,929.0,904.71,918.52,4149659
2022-01-25 11:00:00,918.61,932.3,907.78,923.0,4877722
2022-01-25 12:00:00,923.0,926.73,905.3601,907.2695,3003426
2022-01-25 13:00:00,906.9847,915.0,903.21,912.53,2822690
2022-01-25 14:00:00,912.1001,929.88,907.02,929.88,2382529
2022-01-25 15:00:00,929.39,951.26,922.6,948.2056,4300117
2022-01-25 16:00:00,948.27,948.27,915.0,918.4,4701063
2022-01-25 17:00:00,918.93,919.44,901.0,903.55,635124
2022-01-25 18:00:00,903.95,907.9699,903.2,907.0,106037
2022-01-25 19:00:00,907.0,925.89,906.11,921.02,151369
2022-01-25 20:00:00,922.2,923.05,918.23,921.84,59813
2022-01-26 05:00:00,940.2,956.0,936.2,952.99,113742
2022-01-26 06:00:00,953.44,959.98,949.12,956.16,56170
2022-01-26 07:00:00,956.99,960.0,955.5,958.0,29542
2022-01-26 08:00:00,957.37,957.37,946.99,951.31,221598
2022-01-26 09:00:00,949.9154,960.0,947.0001,957.96,401210
2022-01-26 10:00:00,958.15,962.0,939.0,950.99,3599869
2022-01-26 11:00:00,951.0,963.3,938.55,942.665,4127123
2022-01-26 12:00:00,942.49,954.6899,938.57,952.98,2223736
2022-01-26 13:00:00,953.14,964.2899,951.23,962.6599,2372450
2022-01-26 14:00:00,962.69,963.36,954.1001,960.195,1825563
2022-01-26 15:00:00,959.82,987.69,947.61,953.79,7439943
2022-01-26 16:00:00,952.85,953.4937,906.0,938.83,8085150
2022-01-26 17:00:00,938.99,957.61,879.87,932.59,2360528
2022-01-26 18:00:00,932.55,974.75,926.01,929.99,1136013
2022-01-26 19:00:00,929.7,947.5,927.21,941.5,357463
2022-01-26 20:00:00,940.87,942.0,925.27,929.9,203618
2022-01-27 05:00:00,931.3,935.0,919.0,930.1,123558
2022-01-27 06:00:00,930.0,935.0,923.01,924.5,43922
2022-01-27 07:00:00,924.0,929.0,923.07,929.0,32336
2022-01-27 08:00:00,929.0,932.6,923.68,929.01,141711
2022-01-27 09:00:00,925.4653,945.0,923.0,943.5,995046
2022-01-27 10:00:00,943.23,949.38,881.7,885.02,8127612
2022-01-27 11:00:00,885.47,896.0,857.901,874.5,9159483
2022-01-27 12:00:00,874.5,878.4999,863.3001,873.3,5369273
2022-01-27 13:00:00,873.19,874.33,855.77,864.0474,4576800
2022-01-27 14:00:00,864.0,866.6,851.4106,857.55,4516236
2022-01-27 15:00:00,857.34,867.89,840.0,844.42,6009310
2022-01-27 16:00:00,844.58,849.44,829.0,829.26,7553679
2022-01-27 17:00:00,829.1,839.94,820.79,838.5,1056600
2022-01-27 18:00:00,838.95,847.0,829.1,842.5,466600
2022-01-27 19:00:00,842.73,842.73,832.4,833.3,123561
2022-01-27 20:00:00,832.9999,837.0,830.08,837.0,95460
2022-01-28 05:00:00,837.91,846.0,835.5,842.5,159442
2022-01-28 06:00:00,842.13,842.13,831.49,837.3,57207
2022-01-28 07:00:00,836.47,837.75,830.01,830.99,39647
2022-01-28 08:00:00,834.71,835.0,814.01,821.0,491084
2022-01-28 09:00:00,829.9999,833.98,814.1,822.88,582947
2022-01-28 10:00:00,822.88,839.32,792.01,805.09,9220235
2022-01-28 11:00:00,805.42,853.0,800.0,851.83,10753508
2022-01-28 12:00:00,851.9699,857.5,841.07,855.16,5670866
2022-01-28 13:00:00,855.02,857.0,838.0,839.7725,3656780
2022-01-28 14:00:00,839.92,844.2399,826.01,831.01,3260361
2022-01-28 15:00:00,830.76,834.6699,813.2001,828.495,4761305
2022-01-28 16:00:00,828.4,847.4799,822.9201,846.31,5060027
2022-01-28 17:00:00,846.35,849.69,843.99,848.33,448784
2022-01-28 18:00:00,848.0,849.89,847.0,849.55,46689
2022-01-28 19:00:00,849.55,851.88,847.1,847.26,33540
2022-01-28 20:00:00,848.0,852.0,847.9999,852.0,49464
2022-01-31 05:00:00,860.59,873.0,859.0,864.93,86539
2022-01-31 06:00:00,866.4,868.0,861.01,863.0,20821
2022-01-31 07:00:00,861.05,866.01,860.16,866.01,17268
2022-01-31 08:00:00,864.78,864.78,851.53,860.5,222507
2022-01-31 09:00:00,864.7799,864.78,851.1,863.0,245188
2022-01-31 10:00:00,863.0,897.75,861.03,892.36,6086137
2022-01-31 11:00:00,892.655,921.0,887.67,919.226,7315754
2022-01-31 12:00:00,919.04,924.56,912.1,921.11,4800194
2022-01-31 13:00:00,921.175,932.18,913.71,929.9999,3215662
2022-01-31 14:00:00,929.99,930.0699,920.0,929.18,2507800
2022-01-31 15:00:00,929.19,936.9099,926.0,934.77,2981252
2022-01-31 16:00:00,934.5,937.99,918.46,936.14,5609750
2022-01-31 17:00:00,936.19,937.0,932.04,934.8,412853
2022-01-31 18:00:00,934.97,936.7,934.15,936.12,43161
2022-01-31 19:00:00,936.21,939.7,933.02,935.0,49980
2022-01-31 20:00:00,935.05,940.0,934.08,938.0,51464
2022-02-01 05:00:00,945.03,947.0,928.1,931.5,89737
2022-02-01 06:00:00,932.0,935.28,929.74,932.0,37204
2022-02-01 07:00:00,932.5,933.13,925.21,930.0,43123
2022-02-01 08:00:00,930.75,942.77,929.8,941.0,150075
2022-02-01 09:00:00,930.5001,947.0,929.895,942.63,236029
2022-02-01 10:00:00,943.99,945.55,910.3101,919.19,5086856
2022-02-01 11:00:00,919.5,937.3,905.0,937.0001,5797845
2022-02-01 12:00:00,937.02,943.7,932.0,938.9746,3493486
2022-02-01 13:00:00,938.9,939.23,922.16,931.47,2180109
2022-02-01 14:00:00,931.09,933.95,922.52,925.255,1497614
2022-02-01 15:00:00,925.5,930.5,918.28,924.79,1890642
2022-02-01 16:00:00,924.93,935.31,924.1,930.95,2937518
2022-02-01 17:00:00,931.25,938.0,929.15,934.4,331636
2022-02-01 18:00:00,934.4501,935.16,931.9,934.3,38199
2022-02-01 19:00:00,934.3,936.0,932.0,936.0,24720
2022-02-01 20:00:00,935.5,938.6899,934.26,938.5,57203
2022-02-02 05:00:00,940.0,945.0,940.0,942.58,52689
2022-02-02 06:00:00,942.1,942.1,937.11,938.0,7877
2022-02-02 07:00:00,938.0,941.16,938.0,939.57,5110
2022-02-02 08:00:00,939.82,944.5,939.82,943.0,80558
2022-02-02 09:00:00,942.0021,944.4767,931.25,935.61,254050
2022-02-02 10:00:00,935.31,935.8,911.2,918.69,3306186
2022-02-02 11:00:00,919.0,929.1413,911.5001,913.1964,3326997
2022-02-02 12:00:00,913.4111,914.3599,889.41,901.14,4692983
2022-02-02 13:00:00,900.4801,913.09,897.19,911.88,2539054
2022-02-02 14:00:00,911.8289,912.2395,901.8201,904.9899,1701745
2022-02-02 15:00:00,904.68,911.45,900.0,906.015,1800858
2022-02-02 16:00:00,906.0101,911.5,900.8901,905.65,2752135
2022-02-02 17:00:00,905.66,906.0,884.21,888.0,834324
2022-02-02 18:00:00,888.0,905.66,888.0,889.0,41253
2022-02-02 19:00:00,889.47,889.88,883.2,884.0,83881
2022-02-02 20:00:00,884.0,885.99,880.6,881.0,59882
2022-02-03 05:00:00,890.02,891.0,880.99,884.0,42865
2022-02-03 06:00:00,884.1,885.49,882.0,882.0,11148
2022-02-03 07:00:00,882.0,883.0,876.0,883.0,72546
2022-02-03 08:00:00,881.5,883.42,878.05,881.0,91183
2022-02-03 09:00:00,879.2001,883.78,876.0001,878.7,173802
2022-02-03 10:00:00,878.5,904.0,875.28,897.25,3477183
2022-02-03 11:00:00,897.435,929.81,894.2001,926.23,5621464
2022-02-03 12:00:00,926.0401,937.0,920.5,920.85,4097338
2022-02-03 13:00:00,920.79,922.66,907.5,911.587,3130933
2022-02-03 14:00:00,911.16,919.56,904.5335,909.2,2099986
2022-02-03 15:00:00,908.83,913.15,896.1303,902.97,2194853
2022-02-03 16:00:00,902.96,909.0999,886.88,891.6034,3607823
2022-02-03 17:00:00,891.14,909.0,889.98,906.84,929606
2022-02-03 18:00:00,907.39,907.39,898.36,902.65,64503
2022-02-03 19:00:00,902.5,905.6,901.69,904.0,21343
2022-02-03 20:00:00,903.03,908.0,903.03,907.8,38966
2022-02-04 05:00:00,908.11,910.99,904.5,904.5,35443
2022-02-04 06:00:00,906.0,906.0,899.02,903.02,33645
2022-02-04 07:00:00,900.32,901.99,897.0,898.01,48966
2022-02-04 08:00:00,897.74,902.48,897.5,901.01,108664
2022-02-04 09:00:00,897.0326,902.5,889.5,889.5,241925
2022-02-04 10:00:00,889.8791,907.33,881.17,903.08,3559725
2022-02-04 11:00:00,903.54,913.3,896.78,900.4,4245232
2022-02-04 12:00:00,900.36,909.5,892.56,904.33,2445243
2022-02-04 13:00:00,904.99,919.9899,902.36,919.6562,2510501
2022-02-04 14:00:00,919.99,930.0,919.99,926.6803,3313769
2022-02-04 15:00:00,926.915,934.5,921.29,931.505,3231922
2022-02-04 16:00:00,931.75,936.5,922.81,922.85,3977406
2022-02-04 17:00:00,923.32,923.87,921.0,922.0,233227
2022-02-04 18:00:00,922.0,922.89,921.32,922.89,26485
2022-02-04 19:00:00,922.7,923.4,922.2,922.85,13782
2022-02-04 20:00:00,922.73,926.0,922.61,926.0,21722
2022-02-07 05:00:00,925.79,930.87,921.05,921.05,17769
2022-02-07 06:00:00,921.9,921.9,921.9,921.9,234
2022-02-07 07:00:00,925.05,925.05,918.81,922.44,9147
2022-02-07 08:00:00,924.0,932.6,922.0,930.5,70055
2022-02-07 09:00:00,925.4999,935.0,923.2,931.0,103752
2022-02-07 10:00:00,931.87,947.77,918.34,942.36,4059926
2022-02-07 11:00:00,942.5435,942.97,915.0901,925.585,4324542
2022-02-07 12:00:00,925.2352,928.56,907.3901,913.5767,2788963
2022-02-07 13:00:00,913.6,917.4699,907.89,915.23,1772501
2022-02-07 14:00:00,914.94,921.25,912.3701,917.1,1723078
2022-02-07 15:00:00,917.13,923.4694,911.26,919.65,1485317
2022-02-07 16:00:00,919.16,926.5799,902.7089,907.33,3161019
2022-02-07 17:00:00,907.32,909.81,906.58,909.25,130979
2022-02-07 18:00:00,908.7,908.81,907.34,908.58,36327
2022-02-07 19:00:00,908.61,910.4,908.03,910.01,13968
2022-02-07 20:00:00,910.55,911.6,908.0,909.51,25843
2022-02-08 05:00:00,911.0,914.74,909.06,909.06,17313
2022-02-08 06:00:00,908.1,908.64,906.0,906.53,6983
2022-02-08 07:00:00,906.66,906.66,903.35,904.0,7969
2022-02-08 08:00:00,904.87,905.6,900.0,902.8,47990
2022-02-08 09:00:00,903.1547,909.608,900.0,908.0,117293
2022-02-08 10:00:00,907.829,915.0,894.8,907.3,2903749
2022-02-08 11:00:00,907.05,916.5,897.2801,913.42,3304933
2022-02-08 12:00:00,913.64,920.87,913.01,918.705,2260817
2022-02-08 13:00:00,918.775,925.3206,914.5,921.23,1778977
2022-02-08 14:00:00,921.2994,926.2899,918.02,921.3,1517392
2022-02-08 15:00:00,921.44,925.36,915.0,916.44,1823399
2022-02-08 16:00:00,916.46,925.11,914.78,921.67,2427431
2022-02-08 17:00:00,922.0,923.5,921.21,922.0,87363
2022-02-08 18:00:00,922.0,922.2499,920.01,922.0,15605
2022-02-08 19:00:00,921.6,924.0,921.6,924.0,14911
2022-02-08 20:00:00,924.0,924.5,922.75,924.0,19857
2022-02-09 05:00:00,928.01,932.0,928.01,930.5,21999
2022-02-09 06:00:00,931.1,935.0,931.1,935.0,10703
2022-02-09 07:00:00,934.7,935.88,929.74,935.88,14245
2022-02-09 08:00:00,934.56,939.5,933.69,937.12,106064
2022-02-09 09:00:00,933.955,940.89,922.0,938.0,123864
2022-02-09 10:00:00,937.85,946.2699,929.54,931.0,3668666
2022-02-09 11:00:00,930.76,935.67,920.0,929.42,3691958
2022-02-09 12:00:00,929.47,935.09,928.5552,930.01,2000847
2022-02-09 13:00:00,930.0,938.19,926.31,937.755,1643601
2022-02-09 14:00:00,937.8898,939.1,932.86,935.05,1400166
2022-02-09 15:00:00,935.3,936.6,930.01,930.0701,1119253
2022-02-09 16:00:00,930.2889,936.0,926.95,931.99,2658863
2022-02-09 17:00:00,932.0,933.5,930.11,932.61,167480
2022-02-09 18:00:00,932.61,932.8,931.72,932.0,291828
2022-02-09 19:00:00,932.0,932.24,930.4,931.0,9015
2022-02-09 20:00:00,930.31,930.85,929.0,930.0,23857
2022-02-10 05:00:00,928.44,928.44,925.0,925.0,5948
2022-02-10 06:00:00,925.67,926.2,925.67,926.2,357
2022-02-10 07:00:00,927.0,929.75,927.0,929.75,1960
2022-02-10 08:00:00,928.18,931.79,926.52,929.4,31889
2022-02-10 09:00:00,929.5,932.89,908.57,910.2,497609
2022-02-10 10:00:00,910.3,930.22,905.98,927.7,3756908
2022-02-10 11:00:00,927.65,943.81,924.74,936.87,4143825
2022-02-10 12:00:00,937.0,938.79,927.1,935.705,2600110
2022-02-10 13:00:00,935.77,936.18,921.2001,925.6025,1826800
2022-02-10 14:00:00,925.23,927.31,911.5,920.97,2482497
2022-02-10 15:00:00,920.736,921.6926,908.7901,911.1338,2193657
2022-02-10 16:00:00,911.39,912.91,896.7,904.43,3547767
2022-02-10 17:00:00,904.55,906.0,902.0,903.95,241277
2022-02-10 18:00:00,903.54,905.49,902.0,902.0,94754
2022-02-10 19:00:00,902.0,904.55,901.25,901.25,32725
2022-02-10 20:00:00,902.0,902.0,899.0501,900.2,46529
2022-02-11 05:00:00,899.99,902.0,897.0,899.0,22526
2022-02-11 06:00:00,899.0,901.75,898.5,901.75,3489
2022-02-11 07:00:00,900.6,901.4,898.0,899.0,7094
2022-02-11 08:00:00,900.5,910.0,900.4,908.78,82500
2022-02-11 09:00:00,901.2952,913.08,900.5,911.5,148112
2022-02-11 10:00:00,910.02,915.96,898.2401,898.96,3431125
2022-02-11 11:00:00,898.67,904.4399,884.5,886.68,4840320
2022-02-11 12:00:00,886.47,891.0,882.1,886.0267,2737445
2022-02-11 13:00:00,886.0,892.47,882.6,883.4086,1908262
2022-02-11 14:00:00,883.3,887.8999,868.0,870.1401,3327085
2022-02-11 15:00:00,870.1,872.7,852.01,855.5395,4191142
2022-02-11 16:00:00,855.56,866.0,850.7,859.33,4882950
2022-02-11 17:00:00,859.27,861.3,858.5,860.8,247853
2022-02-11 18:00:00,860.53,860.53,858.0,859.0,106150
2022-02-11 19:00:00,859.3,859.9,855.04,856.0201,26160
2022-02-11 20:00:00,856.1,857.4799,856.05,857.0,32817
2022-02-14 05:00:00,844.0,852.1,833.66,842.0,90647
2022-02-14 06:00:00,840.0,844.0,839.3,841.0,21180
2022-02-14 07:00:00,842.5,845.0,841.0,844.4,19652
2022-02-14 08:00:00,843.75,858.0,838.0,855.0,264513
2022-02-14 09:00:00,849.9999,859.4699,838.0,853.5,292902
2022-02-14 10:00:00,853.0,878.9658,853.0,872.3793,3945216
2022-02-14 11:00:00,872.96,887.06,867.53,885.085,4057153
2022-02-14 12:00:00,885.37,898.8799,884.1701,890.585,3275652
2022-02-14 13:00:00,890.48,895.4299,884.16,884.45,1561078
2022-02-14 14:00:00,884.38,886.7499,862.1301,862.7789,2310745
2022-02-14 15:00:00,862.88,874.9864,859.04,873.67,3163056
2022-02-14 16:00:00,873.85,878.5,868.0,875.78,2838097
2022-02-14 17:00:00,875.76,877.6,873.92,874.22,157610
2022-02-14 18:00:00,874.77,876.0,874.77,875.75,7477
2022-02-14 19:00:00,875.76,882.96,875.76,879.0,30042
2022-02-14 20:00:00,880.0,880.4,876.13,880.0,16261
2022-02-15 05:00:00,897.99,908.0,895.0,904.0,100434
2022-02-15 06:00:00,905.99,906.84,900.52,901.36,27932
2022-02-15 07:00:00,902.0,906.0,901.0,905.6,19817
2022-02-15 08:00:00,904.5,908.27,903.27,905.8,147658
2022-02-15 09:00:00,907.9399,908.27,896.58,898.86,259241
2022-02-15 10:00:00,898.0,915.8,893.3774,914.5931,4433050
2022-02-15 11:00:00,914.77,921.7985,913.79,916.3388,4264255
2022-02-15 12:00:00,916.65,920.7,914.3301,917.6694,1805394
2022-02-15 13:00:00,917.72,917.94,908.501,912.4201,1739366
2022-02-15 14:00:00,912.6,919.3399,912.0,917.24,1357797
2022-02-15 15:00:00,917.4,918.8802,913.0,916.365,1313976
2022-02-15 16:00:00,916.26,923.0,913.2,922.26,2920449
2022-02-15 17:00:00,922.43,922.99,919.9,920.0,133254
2022-02-15 18:00:00,920.4799,922.43,918.0,920.1,72918
2022-02-15 19:00:00,920.0,920.3999,918.37,918.89,20269
2022-02-15 20:00:00,918.8,919.5,917.9,918.0,27018
2022-02-16 05:00:00,918.0,928.49,918.0,924.0,22017
2022-02-16 06:00:00,923.0,924.0,920.0,921.1,9323
2022-02-16 07:00:00,920.0,926.0,920.0,925.65,19348
2022-02-16 08:00:00,925.71,927.19,919.52,920.21,56305
2022-02-16 09:00:00,926.0,927.45,915.1,916.0,168082
2022-02-16 10:00:00,915.73,917.66,903.29,905.3,2693676
2022-02-16 11:00:00,905.03,915.855,902.96,913.1353,2573269
2022-02-16 12:00:00,913.04,916.42,908.3464,911.0,1338361
2022-02-16 13:00:00,910.903,914.88,904.69,905.36,1384105
2022-02-16 14:00:00,905.18,907.35,901.21,904.6099,1082560
2022-02-16 15:00:00,904.01,925.674,901.4,921.6803,3943191
2022-02-16 16:00:00,921.99,926.4299,920.1,923.26,2668372
2022-02-16 17:00:00,923.39,923.39,919.09,919.5,372628
2022-02-16 18:00:00,919.99,920.95,919.5,920.95,11865
2022-02-16 19:00:00,921.0,921.5,920.5,920.66,23564
2022-02-16 20:00:00,920.6,920.8,918.52,918.8,30893
2022-02-17 05:00:00,914.0,915.35,911.73,912.3,16574
2022-02-17 06:00:00,913.3,914.0,912.0,912.0,2314
2022-02-17 07:00:00,913.0,913.0,909.49,911.5,8705
2022-02-17 08:00:00,912.5,918.0,912.5,916.5,28722
2022-02-17 09:00:00,915.442,921.082,912.0,913.13,126857
2022-02-17 10:00:00,912.27,918.4999,905.2994,907.699,2276435
2022-02-17 11:00:00,907.69,910.56,888.0,892.8556,3579616
2022-02-17 12:00:00,892.96,899.18,886.85,889.2788,2402948
2022-02-17 13:00:00,889.15,894.3499,886.57,887.87,1949593
2022-02-17 14:00:00,887.74,888.1,880.12,881.06,2015904
2022-02-17 15:00:00,881.13,881.84,876.0,878.2001,1978663
2022-02-17 16:00:00,878.1101,880.64,874.1,876.4,3094804
2022-02-17 17:00:00,876.35,876.5,872.5,874.34,248254
2022-02-17 18:00:00,874.5,874.5,871.12,873.72,23052
2022-02-17 19:00:00,874.0,877.0,873.32,876.25,18559
2022-02-17 20:00:00,876.0,876.48,870.99,871.21,38503
2022-02-18 05:00:00,884.12,888.0,884.0,887.91,32818
2022-02-18 06:00:00,886.95,887.5,886.95,887.0,9509
2022-02-18 07:00:00,886.95,887.67,884.06,884.5,9564
2022-02-18 08:00:00,884.0,886.0,883.3,885.0,33450
2022-02-18 09:00:00,886.0,888.19,872.05,875.99,267617
2022-02-18 10:00:00,876.88,886.87,861.02,875.615,3332441
2022-02-18 11:00:00,875.7341,875.9899,851.69,852.8402,3964701
2022-02-18 12:00:00,852.795,853.63,842.3196,846.4723,3579531
2022-02-18 13:00:00,846.17,853.29,843.1825,843.53,1930385
2022-02-18 14:00:00,843.575,848.798,837.61,846.8304,2393576
2022-02-18 15:00:00,846.985,863.08,843.75,858.4699,3159662
2022-02-18 16:00:00,858.44,862.8276,850.54,856.98,3027237
2022-02-18 17:00:00,856.98,859.66,854.21,855.0,284086
2022-02-18 18:00:00,854.88,856.98,850.42,851.14,55553
2022-02-18 19:00:00,851.99,852.0,848.55,849.98,32171
2022-02-18 20:00:00,848.94,852.0,848.11,852.0,31195
