date,open,high,low,close,volume,TP,std,MA-TP,BOLU,BOLD
2021-12-21 05:00:00,913.07,916.25,909.5,909.5,31769,911.75,,,,
2021-12-21 06:00:00,908.99,913.0,908.99,913.0,5692,911.6633333333333,,,,
2021-12-21 07:00:00,912.65,915.8,912.65,913.81,11813,914.0866666666667,,,,
2021-12-21 08:00:00,915.15,915.45,912.0,912.0,67578,913.15,,,,
2021-12-21 09:00:00,912.9122,915.0,899.94,899.94,103963,904.96,,,,
2021-12-21 10:00:00,913.53,923.77,903.5,904.14,3635215,910.4699999999999,,,,
2021-12-21 11:00:00,904.14,907.89,886.12,896.16,4631077,896.7233333333334,,,,
2021-12-21 12:00:00,896.07,912.3435,893.23,908.88,2960626,904.8178333333334,,,,
2021-12-21 13:00:00,908.895,913.76,904.5301,913.76,1915808,910.6833666666666,,,,
2021-12-21 14:00:00,913.5975,936.6,913.16,928.125,3862531,925.9616666666666,,,,
2021-12-21 15:00:00,928.28,934.97,926.22,933.335,2422874,931.5083333333333,,,,
2021-12-21 16:00:00,933.339,939.5,928.7,938.41,2976351,935.5366666666667,,,,
2021-12-21 17:00:00,938.53,939.0,914.188663,935.2,326799,929.4628876666667,,,,
2021-12-21 18:00:00,935.75,937.01,935.02,935.32,33325,935.7833333333334,,,,
2021-12-21 19:00:00,935.8,935.84,932.51,933.6,129538,933.9833333333335,,,,
2021-12-21 20:00:00,933.3,934.0,930.01,930.4,50360,931.4699999999999,,,,
2021-12-22 05:00:00,943.0,959.75,936.4,959.75,107554,951.9666666666667,,,,
2021-12-22 06:00:00,959.8,961.92,956.79,959.4,32663,959.37,,,,
2021-12-22 07:00:00,959.98,966.51,959.98,962.0,56173,962.8299999999999,,,,
2021-12-22 08:00:00,961.72,978.0,961.7,973.15,494484,970.9499999999999,20.482375147732032,927.35637105,968.3211213454641,886.3916207545359
2021-12-22 09:00:00,967.5962,978.0,962.0,971.25,424759,970.4166666666666,22.16877893142083,930.2897043833333,974.627262246175,885.9521465204916
2021-12-22 10:00:00,971.5,985.1,957.05,983.06,5846503,975.07,23.755428952493197,933.4600377166665,980.970895621653,885.9491798116801
2021-12-22 11:00:00,983.3,999.7999,965.64,998.59,5529748,988.0099666666666,26.089789787197965,937.1562027166667,989.3357822910626,884.9766231422708
2021-12-22 12:00:00,998.65,1015.6599,997.3201,1005.15,5698417,1006.0433333333334,29.45439105603668,941.8008693833333,1000.7096514954067,882.8920872712599
2021-12-22 13:00:00,1005.38,1010.2499,993.51,996.1981,2788483,999.9859999999999,30.76360331934261,946.5521693833332,1008.0793760220184,885.024962744648
2021-12-22 14:00:00,996.18,1000.44,988.9001,996.16,2522702,995.1667000000001,31.329505959976522,950.7870043833333,1013.4460163032863,888.1279924633802
2021-12-22 15:00:00,996.31,1006.2699,969.4033,1004.54,2803500,993.4044,30.047262207294956,955.6210577166667,1015.7155821312566,895.5265333020767
2021-12-22 16:00:00,1005.17,1010.14,999.0,1008.63,3502379,1005.9233333333333,29.576168228015938,960.6763327166666,1019.8286691726985,901.5239962606347
2021-12-22 17:00:00,1008.87,1013.25,1007.99,1012.0,538664,1011.0799999999999,29.182403399083753,965.6961643833334,1024.060971181501,907.331357585166
2021-12-22 18:00:00,1011.85,1012.01,1001.11,1004.64,149516,1005.9200000000001,28.941072243772965,969.69408105,1027.576225537546,911.8119365624541
2021-12-22 19:00:00,1004.45,1005.84,1001.56,1004.0,61163,1003.8000000000001,28.456520674229107,973.3086643833334,1030.2217057317916,916.3956230348751
2021-12-22 20:00:00,1003.55,1004.5,1002.01,1003.0,74124,1003.1700000000001,27.777449074808015,976.6903310499999,1032.245229199616,921.1354329003839
2021-12-23 05:00:00,1009.48,1027.94,1007.1,1025.98,95283,1020.34,27.105039435211545,981.2341866666668,1035.44426553709,927.0241077962437
2021-12-23 06:00:00,1026.49,1027.8,1023.22,1024.02,38877,1025.0133333333333,26.595485730496478,985.6956866666666,1038.8866581276595,932.5047152056736
2021-12-23 07:00:00,1024.02,1024.25,1017.0,1017.99,40005,1019.7466666666666,24.762806292187022,989.9838533333332,1039.5094659177073,940.4582407489592
2021-12-23 08:00:00,1017.99,1023.0,1016.4,1020.4,171294,1019.9333333333334,21.6168265043934,994.40702,1037.6406730087867,951.1733669912132
2021-12-23 09:00:00,1021.3712,1023.0,1008.25,1010.56,343585,1013.9366666666666,19.664629700667625,997.50552,1036.8347794013353,958.1762605986648
2021-12-23 10:00:00,1011.9,1014.49,997.56,1007.52,3964006,1006.5233333333332,17.677364699962812,999.8631866666667,1035.2179160665924,964.5084572667411
2021-12-23 11:00:00,1007.45,1043.21,1006.41,1042.68,6304792,1030.7666666666667,16.7370593030006,1003.26002,1036.7341386060014,969.7859013939989
2021-12-23 12:00:00,1042.81,1055.8183,1040.3501,1054.7134,4823403,1050.2939333333334,17.966721606139078,1007.2272166666665,1043.1606598789447,971.2937734543884
2021-12-23 13:00:00,1054.95,1069.1,1053.53,1064.125,5277042,1062.2516666666666,19.630399703903294,1011.8189666666667,1051.0797660744734,972.5581672588601
2021-12-23 14:00:00,1064.09,1068.99,1057.5901,1066.48,2338404,1064.3533666666665,20.878041700343537,1016.283135,1058.039218400687,974.5270515993129
2021-12-23 15:00:00,1066.53,1072.9767,1062.1,1067.4499,2709072,1067.5088666666668,22.612554352555527,1020.25808,1065.483188705111,975.0329712948889
2021-12-23 16:00:00,1067.2799,1069.35,1058.5,1067.46,3796547,1065.1033333333332,24.352808699079173,1023.2110799999998,1071.9166973981582,974.5054626018415
2021-12-23 17:00:00,1067.0,1068.29,1059.41391,1065.1,280270,1064.2679699999999,25.299052475132942,1026.4251785000001,1077.023283450266,975.8270735497342
2021-12-23 18:00:00,1065.0,1066.5,1064.01,1066.47,85580,1065.66,25.607278843668702,1029.9498435,1081.1644011873375,978.7352858126626
2021-12-23 19:00:00,1066.22,1067.0,1065.03,1066.0,22124,1066.01,25.313871083037533,1033.5801235000001,1084.2078656660751,982.952381333925
2021-12-23 20:00:00,1065.65,1069.72,1065.45,1069.3,39568,1068.1566666666668,25.546850383479107,1036.6917901666668,1087.785490933625,985.5980893997086
2021-12-27 05:00:00,1070.8,1084.49,1070.8,1082.0,65049,1079.0966666666666,26.423216778558583,1040.0926235,1092.9390570571172,987.2461899428828
2021-12-27 06:00:00,1083.0,1083.0,1074.0,1074.0,20563,1077.0,26.368063658310223,1043.6466235,1096.3827508166205,990.9104961833796
2021-12-27 07:00:00,1076.5,1076.5,1071.69,1076.25,15313,1074.8133333333333,25.531315422146672,1047.1972901666666,1098.25992101096,996.1346593223732
2021-12-27 08:00:00,1076.88,1083.75,1075.0,1082.06,143339,1080.27,24.387643080054787,1051.0522901666668,1099.8275763267764,1002.2770040065573
2021-12-27 09:00:00,1076.9976,1083.75,1075.0,1080.13,164933,1079.6266666666668,24.075555531350542,1054.0166235000002,1102.1677345627013,1005.8655124372991
2021-12-27 10:00:00,1080.11,1098.98,1070.7152,1092.27,4887396,1087.3217333333334,24.152194670312458,1057.1320435,1105.436432840625,1008.8276541593751
2021-12-27 11:00:00,1092.3,1113.28,1087.0,1109.87,5103333,1103.3833333333332,24.55435904027475,1061.3138768333333,1110.422594913883,1012.2051587527839
2021-12-27 12:00:00,1110.205,1112.62,1099.92,1112.62,2831294,1108.3866666666665,24.668430747641096,1065.7365435,1115.073404995282,1016.3996820047178
2021-12-27 13:00:00,1112.51,1117.0,1106.5,1112.56,2496757,1112.02,23.60989580956813,1070.6407101666666,1117.8605017858029,1023.4209185475304
2021-12-27 14:00:00,1112.53,1114.7699,1105.5,1108.84,1534485,1109.7033000000001,20.03882012395697,1075.7997085000002,1115.877348747914,1035.7220682520863
2021-12-27 15:00:00,1108.9999,1112.66,1104.44,1106.1,1530334,1107.7333333333333,18.339403464331216,1079.6480418333335,1116.326848761996,1042.969234904671
2021-12-27 16:00:00,1106.4414,1106.4414,1087.6,1093.82,3544906,1095.9538,17.35892750274281,1081.9310351666668,1116.6488901721525,1047.213180161181
2021-12-27 17:00:00,1093.94,1097.47,1092.64,1095.0,212329,1095.0366666666669,16.966709318713814,1083.5702851666667,1117.5037038040944,1049.6368665292391
2021-12-27 18:00:00,1095.25,1098.0,1094.16,1097.0,24343,1096.3866666666665,16.584703139923807,1085.1719501666666,1118.3413564465143,1052.002543886819
2021-12-27 19:00:00,1097.38,1097.38,1094.5,1094.5,17116,1095.46,16.210866298107323,1086.5695068333334,1118.9912394295482,1054.1477742371187
2021-12-27 20:00:00,1094.47,1094.47,1092.0,1092.0,45942,1092.8233333333335,15.485053348087316,1087.9555068333334,1118.925613529508,1056.9854001371589
2021-12-28 05:00:00,1105.81,1106.76,1102.0,1104.7,31656,1104.4866666666667,14.877903430908171,1089.9664416666667,1119.722248528483,1060.2106348048503
2021-12-28 06:00:00,1104.5,1106.73,1104.5,1105.8,6629,1105.6766666666667,14.147405402561533,1091.967275,1120.262085805123,1063.672464194877
2021-12-28 07:00:00,1106.5,1109.22,1106.5,1108.79,6724,1108.17,13.234153702614485,1094.075275,1120.5435824052288,1067.606967594771
2021-12-28 08:00:00,1109.0,1115.0,1106.0,1113.0,144013,1111.3333333333333,12.320129010619628,1096.2341083333333,1120.8743663545727,1071.593850312094
2021-12-28 09:00:00,1111.5001,1116.95,1096.674,1107.56,250203,1107.0613333333333,11.874652293855881,1097.632341666667,1121.3816462543787,1073.883037078955
2021-12-28 10:00:00,1107.5,1118.9999,1089.24,1097.0,4436917,1101.7466333333332,10.910456961560145,1098.8696733333334,1120.6905872564537,1077.048759410213
2021-12-28 11:00:00,1096.99,1098.99,1078.42,1087.49,4153364,1088.3,9.758784282609179,1099.5440066666665,1119.061575231885,1080.026438101448
2021-12-28 12:00:00,1087.7,1098.0,1081.11,1096.3639,2259685,1091.8246333333334,8.90534482091868,1100.1217383333333,1117.9324279751706,1082.311048691496
2021-12-28 13:00:00,1096.39,1102.0,1088.01,1091.0,2322504,1093.67,7.738926062231423,1100.823905,1116.3017571244627,1085.3460528755372
2021-12-28 14:00:00,1090.62,1097.22,1085.79,1090.72,1423835,1091.2433333333336,7.438176182202488,1101.0199850000001,1115.896337364405,1086.1436326355952
2021-12-28 15:00:00,1090.6,1093.2999,1084.3001,1091.37,1647780,1089.6566666666665,7.8123230145098885,1100.3336516666666,1115.9582976956863,1084.709005637647
2021-12-28 16:00:00,1091.52,1098.79,1086.16,1088.85,2544305,1091.2666666666667,7.820972650702859,1099.4776516666666,1115.1195969680723,1083.8357063652609
2021-12-28 17:00:00,1088.47,1091.33,1085.01,1089.25,308780,1088.53,7.61020313250858,1098.3031516666667,1113.5235579316839,1083.0827454016496
2021-12-28 18:00:00,1089.2,1089.75,1087.0,1087.0,23104,1087.9166666666667,7.458172207029179,1097.21382,1112.1301644140583,1082.2974755859416
2021-12-28 19:00:00,1088.0,1092.72,1085.3,1092.5,42029,1090.1733333333334,7.197142714742413,1096.33582,1110.7301054294849,1081.9415345705152
2021-12-28 20:00:00,1092.35,1094.0,1092.0,1093.5,43640,1093.1666666666667,7.230098384829511,1096.1964633333332,1110.6566601029922,1081.7362665636742
2021-12-29 05:00:00,1103.0,1115.62,1103.0,1113.34,78324,1110.6533333333334,7.8770184749252685,1096.9772966666667,1112.7313336165173,1081.223259716816
2021-12-29 06:00:00,1113.34,1115.43,1111.42,1112.3,26768,1113.0500000000002,8.616983276767542,1097.8104633333335,1115.0444298868686,1080.5764967797984
2021-12-29 07:00:00,1111.5,1111.5,1108.51,1110.09,14749,1110.0333333333333,8.995284283376352,1098.53913,1116.5296985667526,1080.5485614332472
2021-12-29 08:00:00,1110.0,1110.0,1095.47,1098.23,232404,1101.2333333333333,8.914467964611841,1098.9596299999998,1116.7885659292235,1081.1306940707761
2021-12-29 09:00:00,1101.4008,1109.305,1091.191,1096.58,216778,1099.0253333333333,8.824170375639467,1098.6865633333334,1116.3349040846124,1081.0382225820545
2021-12-29 10:00:00,1096.89,1104.0,1081.0601,1083.3,3004913,1089.4533666666666,8.889742007776267,1097.8753983333334,1115.6548823488858,1080.0959143177809
2021-12-29 11:00:00,1083.59,1084.015,1064.14,1083.6799,4107408,1077.2783000000002,9.620543225643779,1096.3308133333335,1115.571899784621,1077.0897268820459
2021-12-29 12:00:00,1083.395,1087.4449,1072.5001,1074.2227,2146368,1078.0559,9.758648758043641,1094.6669416666668,1114.184239182754,1075.1496441505797
2021-12-29 13:00:00,1074.3999,1084.5,1072.5104,1082.765,1451427,1079.9251333333334,9.827272796369623,1093.3101316666666,1112.9646772594058,1073.6555860739275
2021-12-29 14:00:00,1082.79,1091.0,1081.91,1087.9998,2055881,1086.9699333333335,9.72011271456036,1092.5712966666667,1112.0115220957875,1073.131071237546
2021-12-29 15:00:00,1087.907,1097.115,1086.73,1092.9375,1999559,1092.2608333333335,9.67129729123013,1092.7693383333335,1112.1119329157937,1073.4267437508734
2021-12-29 16:00:00,1093.18,1093.4899,1084.3,1085.5601,2400576,1087.7833333333333,9.730958326253386,1092.5672733333336,1112.0291899858403,1073.1053566808268
2021-12-29 17:00:00,1086.19,1086.4,1072.2201,1083.0,412891,1080.5400333333334,10.071369553413323,1091.9107749999998,1112.0535141068265,1071.7680358931732
2021-12-29 18:00:00,1083.0,1084.98,1082.6,1083.75,17858,1083.7766666666666,10.226388360689347,1091.5374416666668,1111.9902183880456,1071.084664945288
2021-12-29 19:00:00,1084.01,1084.01,1082.0,1082.0,14925,1082.67,10.40248506278282,1091.1881083333333,1111.993078458899,1070.3831382077676
2021-12-29 20:00:00,1082.21,1082.21,1078.08,1082.0,60183,1080.7633333333333,10.647505979011502,1090.662941666667,1111.95795362469,1069.367929708644
2021-12-30 05:00:00,1088.99,1091.01,1086.1,1090.91,14131,1089.3400000000001,10.640854291272188,1090.7034416666668,1111.985150249211,1069.4217330841225
2021-12-30 06:00:00,1087.17,1089.49,1087.17,1089.0,1569,1088.5533333333333,10.633419451624999,1090.7352750000002,1112.0021139032501,1069.4684360967503
2021-12-30 07:00:00,1086.2,1087.0,1069.59,1073.77,40969,1076.7866666666666,11.060470013660575,1090.0659416666667,1112.186881693988,1067.9450016393455
2021-12-30 08:00:00,1073.0,1084.0,1073.0,1077.5,60146,1078.1666666666667,11.330066611590748,1089.3159416666667,1111.9760748898482,1066.6558084434853
2021-12-30 09:00:00,1081.5675,1084.58,1065.51,1066.79,293955,1072.2933333333333,10.789621447935367,1087.3979416666666,1108.9771845625373,1065.818698770796
2021-12-30 10:00:00,1067.0,1086.19,1053.15,1073.94,3512969,1071.0933333333335,9.612784929646152,1085.3001083333334,1104.5256781926257,1066.074538474041
2021-12-30 11:00:00,1073.96,1083.9899,1071.26,1075.35,2720637,1076.8666333333333,7.91360304887447,1083.6417733333333,1099.4689794310823,1067.8145672355843
2021-12-30 12:00:00,1075.35,1089.92,1075.2,1087.74,1896870,1084.2866666666666,6.815774691571422,1082.7944400000001,1096.425989383143,1069.1628906168573
2021-12-30 13:00:00,1087.5861,1095.55,1087.5247,1091.28,1783961,1091.4515666666666,6.07343205928046,1082.4157516666667,1094.5626157852275,1070.2688875481058
2021-12-30 14:00:00,1091.62,1091.8199,1083.66,1085.595,1070752,1087.0249666666666,5.954634838820561,1082.2943316666667,1094.2036013443078,1070.3850619890256
2021-12-30 15:00:00,1085.41,1085.59,1078.2,1081.3,1225626,1081.6966666666667,5.8454001267880855,1082.51525,1094.206050253576,1070.8244497464239
2021-12-30 16:00:00,1081.5,1081.5,1068.33,1070.33,2373076,1073.3866666666665,6.106263985040849,1082.2817883333332,1094.494316303415,1070.0692603632515
2021-12-30 17:00:00,1070.33,1070.34,1066.0,1066.02,182854,1067.4533333333331,6.900294059806919,1081.6581983333333,1095.4587864529472,1067.8576102137195
2021-12-30 18:00:00,1065.98,1068.8799,1065.86,1067.05,127407,1067.2632999999998,7.456078599660046,1080.6728666666666,1095.5850238659866,1065.7607094673465
2021-12-30 19:00:00,1068.15,1073.75,1068.15,1073.5,32690,1071.8,7.19505617791859,1079.649825,1094.039937355837,1065.2597126441628
2021-12-30 20:00:00,1073.7999,1074.25,1065.35,1066.0,61904,1068.5333333333333,7.328952763644803,1078.6873249999999,1093.3452305272895,1064.0294194727103
2021-12-31 05:00:00,1066.0,1067.0,1060.5,1063.8,24020,1063.7666666666667,7.99811602097538,1077.8486566666666,1093.8448887086174,1061.8524246247157
2021-12-31 06:00:00,1064.26,1065.0,1061.8,1061.8,4079,1062.8666666666666,8.505452705469713,1076.8031566666666,1093.814062077606,1059.7922512557273
2021-12-31 07:00:00,1062.0,1062.0,1060.82,1061.51,6516,1061.4433333333334,9.016180642999727,1075.7418233333333,1093.7741846193328,1057.7094620473338
2021-12-31 08:00:00,1061.7,1066.77,1061.7,1066.39,47454,1064.9533333333334,9.231761523523128,1074.9513233333332,1093.4148463803795,1056.487800286287
2021-12-31 09:00:00,1062.02,1078.4,1062.0,1076.0,174963,1072.1333333333334,8.633110676567723,1074.09099,1091.3572113531354,1056.8247686468644
2021-12-31 10:00:00,1075.52,1081.9999,1066.24,1071.0,2216999,1073.0799666666665,7.9702683103099305,1073.3173216666667,1089.2578582872866,1057.3767850460467
2021-12-31 11:00:00,1070.338,1075.0,1063.0001,1066.885,1993545,1068.2950333333333,8.000266159032854,1072.8927399999998,1088.8932723180656,1056.892207681934
2021-12-31 12:00:00,1066.92,1076.3468,1063.26,1070.5844,2292841,1070.0637333333334,7.927771667094604,1072.4875933333333,1088.3431366675225,1056.632049999144
2021-12-31 13:00:00,1070.51,1073.43,1066.36,1071.43,1323260,1070.4066666666668,7.940736160459703,1072.39326,1088.2747323209194,1056.5117876790807
2021-12-31 14:00:00,1071.49,1072.0,1064.85,1065.8798,1002155,1067.5766,8.00624084371262,1072.2174233333333,1088.2299050207585,1056.204941645908
2021-12-31 15:00:00,1065.8477,1066.71,1059.5,1062.0,1407605,1062.7366666666667,8.18622209691084,1071.510925,1087.8833691938216,1055.1384808061784
2021-12-31 16:00:00,1062.13,1064.93,1054.59,1057.16,2311024,1058.8933333333334,8.074737208861547,1070.2412583333332,1086.3907327510562,1054.0917839156102
2021-12-31 17:00:00,1057.01,1061.02,1056.0,1060.0,234639,1059.0066666666667,6.810774234125777,1068.6190133333334,1082.240561801585,1054.9974648650818
2021-12-31 18:00:00,1060.0,1060.0001,1059.01,1059.24,13901,1059.4167,5.637045088181187,1067.2386,1078.5126901763622,1055.9645098236376
2021-12-31 19:00:00,1059.24,1060.5,1058.2,1060.4999,18299,1059.7333,4.789049535707777,1066.1404316666667,1075.7185307380823,1056.562332595251
2021-12-31 20:00:00,1060.5,1062.9899,1060.25,1062.9,27701,1062.0466333333334,4.563558668561116,1065.57343,1074.700547337122,1056.4463126628777
2022-01-03 05:00:00,1109.74,1134.25,1106.0,1129.0,262023,1123.0833333333333,13.352231001399403,1068.35493,1095.0593920027989,1041.650467997201
2022-01-03 06:00:00,1130.0,1131.5,1125.77,1127.49,48849,1128.2533333333333,18.663171370134695,1071.4044316666666,1108.730774406936,1034.0780889263972
2022-01-03 07:00:00,1128.5,1138.0,1128.5,1134.01,144426,1133.5033333333333,23.056486460970184,1074.4895983333333,1120.6025712552737,1028.376625411393
2022-01-03 08:00:00,1134.5,1135.0,1129.2,1132.0,339920,1132.0666666666666,26.181910588598047,1077.666265,1130.0300861771962,1025.302443822804
2022-01-03 09:00:00,1132.356,1134.5,1126.5,1132.64,587678,1131.2133333333334,28.422249992243064,1081.0385983333333,1137.8830983178195,1024.194098348847
2022-01-03 10:00:00,1132.5,1170.0,1130.2,1148.9999,8358171,1149.7333,31.755265885890527,1085.38193,1148.892461771781,1021.8713982282189
2022-01-03 11:00:00,1149.28,1168.52,1146.5,1168.3,4616441,1161.1066666666668,35.236684408428,1090.3650966666667,1160.8384654835227,1019.8917278498106
2022-01-03 12:00:00,1168.15,1174.09,1160.34,1165.59,3624429,1166.6733333333332,38.40072910079284,1095.4510966666667,1172.2525548682524,1018.649638465081
2022-01-03 13:00:00,1165.2601,1175.8,1162.71,1174.08,2191817,1170.8633333333335,41.32083410136432,1100.3875966666667,1183.0292648693953,1017.7459284639381
2022-01-03 14:00:00,1174.0,1180.5822,1172.7919,1178.22,2507326,1177.1980333333333,44.0229113934075,1105.5935,1193.639322786815,1017.5476772131849
2022-01-03 15:00:00,1178.0,1194.86,1177.4501,1194.4818,3504700,1188.9306333333334,46.68328894165517,1111.62528,1204.9918578833103,1018.2587021166896
2022-01-03 16:00:00,1194.38,1201.07,1187.4001,1199.65,6689418,1196.0400333333334,49.087460893347576,1117.924095,1216.0990167866953,1019.749173213305
2022-01-03 17:00:00,1199.78,1208.88,1198.35,1205.0201,927807,1204.0833666666667,51.21699787750685,1124.60793,1227.0419257550136,1022.1739342449862
2022-01-03 18:00:00,1205.42,1207.0,1199.78,1207.0,137503,1204.5933333333332,52.28289888474564,1131.4587666666666,1236.024564436158,1026.8929688971753
2022-01-03 19:00:00,1206.99,1208.95,1199.78,1207.3,89479,1205.3433333333332,52.14853756821597,1138.5891000000001,1242.886175136432,1034.2920248635683
2022-01-03 20:00:00,1207.3001,1210.0,1205.41,1209.9999,120130,1208.4699666666668,50.89334988463733,1146.0679316666667,1247.8546314359414,1044.281231897392
2022-01-04 05:00:00,1200.98,1210.21,1189.21,1195.8,99551,1198.4066666666668,47.95347879330652,1153.0379316666667,1248.9448892532798,1057.1309740800536
2022-01-04 06:00:00,1195.7,1198.89,1195.06,1198.89,14290,1197.6133333333335,43.736619959325424,1159.9477633333333,1247.421003251984,1072.4745234146826
2022-01-04 07:00:00,1198.89,1208.0,1198.89,1202.5,52414,1203.13,38.11264536419144,1167.1175983333333,1243.342889061716,1090.8923076049505
2022-01-04 08:00:00,1204.5,1209.44,1201.84,1203.5,222275,1204.9266666666667,30.34827630942891,1174.2616,1234.9581526188579,1113.5650473811422
2022-01-04 09:00:00,1204.8899,1209.3,1195.0,1196.1,281457,1200.1333333333332,28.437346905728873,1178.1141000000002,1234.988793811458,1121.2394061885425
2022-01-04 10:00:00,1196.3,1208.0,1178.1,1190.36,5651105,1192.1533333333334,26.153869217321567,1181.3091,1233.6168384346431,1129.0013615653568
2022-01-04 11:00:00,1190.3806,1191.06,1151.65,1151.9835,6502700,1164.8978333333332,24.09891607130839,1182.878825,1231.0766571426168,1134.6809928573832
2022-01-04 12:00:00,1152.2741,1155.5376,1123.05,1142.6199,7248427,1140.4025,23.2744963010858,1183.2956166666668,1229.8446092688384,1136.746624064495
2022-01-04 13:00:00,1142.075,1165.0,1141.2,1157.17,3227233,1154.4566666666667,21.125993153046966,1184.4577833333335,1226.7097696394273,1142.2057970272397
2022-01-04 14:00:00,1157.025,1165.85,1141.14,1141.885,2718306,1149.625,21.134905014675674,1184.4523683333334,1226.7221783626849,1142.182558303982
2022-01-04 15:00:00,1141.6922,1153.77,1135.3177,1145.6901,3203118,1144.9259333333334,22.29115370559283,1183.6433316666667,1228.2256390778523,1139.061024255481
2022-01-04 16:00:00,1145.6213,1155.0,1140.5001,1149.63,3193898,1148.3767,23.32051328405918,1182.7285,1229.3695265681183,1136.0874734318816
2022-01-04 17:00:00,1149.59,1149.59,1145.5,1147.66,234750,1147.5833333333333,24.43791054554346,1181.5645,1230.4403210910868,1132.688678908913
2022-01-04 18:00:00,1147.89,1149.59,1145.98,1146.4999,32455,1147.3566333333335,25.544878243666666,1180.07243,1231.1621864873332,1128.9826735126667
2022-01-04 19:00:00,1146.4,1146.75,1142.5,1142.5,55982,1143.9166666666667,26.625433973780762,1177.8217316666667,1231.0725996142282,1124.570863719105
2022-01-04 20:00:00,1142.35,1142.4499,1140.0,1140.0,81667,1140.8166333333334,27.443819229024363,1175.0605616666667,1229.9482001247154,1120.172923208618
2022-01-05 05:00:00,1132.15,1141.35,1127.65,1132.96,56923,1133.9866666666667,27.984217471966293,1171.5557266666667,1227.5241616105993,1115.587291722734
2022-01-05 06:00:00,1133.81,1141.11,1133.0,1138.13,19206,1137.4133333333332,27.848600053353653,1168.1967266666666,1223.8939267733738,1112.4995265599593
2022-01-05 07:00:00,1137.65,1137.65,1133.97,1135.0,5532,1135.5400000000002,27.343972499569553,1164.70656,1219.3945049991391,1110.018615000861
2022-01-05 08:00:00,1137.0,1139.72,1135.0,1139.72,76570,1138.1466666666668,25.977663949830095,1161.190395,1213.1457228996603,1109.2350671003398
2022-01-05 09:00:00,1137.0749,1148.41,1135.07,1146.33,238000,1143.2699999999998,24.77989867356156,1158.4335616666667,1207.9933590137898,1108.8737643195436
2022-01-05 10:00:00,1147.0,1162.5999,1129.0301,1161.57,3831420,1151.0666666666666,23.121153291563658,1156.1062283333335,1202.348534916461,1109.8639217502061
2022-01-05 11:00:00,1161.7137,1170.34,1142.17,1152.595,4510594,1155.035,20.45239664168135,1153.7014783333334,1194.6062716166962,1112.7966850499706
2022-01-05 12:00:00,1152.39,1157.88,1141.1101,1142.0985,2098503,1147.0295333333333,16.761416401456085,1150.8066216666668,1184.329454469579,1117.2837888637546
2022-01-05 13:00:00,1141.9452,1145.9799,1134.53,1138.0,1730706,1139.5033,12.509480695484193,1147.7751199999998,1172.7940813909681,1122.7561586090314
2022-01-05 14:00:00,1138.375,1142.32,1132.0,1137.0768,1581021,1137.1322666666665,7.490730154574794,1145.0240666666666,1160.005526975816,1130.0426063575171
2022-01-05 15:00:00,1136.755,1145.97,1104.2,1104.9983,4329637,1118.3894333333335,8.15017267524216,1142.6986466666667,1158.998992017151,1126.3983013161824
2022-01-05 16:00:00,1105.18,1106.9999,1081.0101,1087.6201,6813548,1091.8767,13.762933195576613,1140.2723566666668,1167.79822305782,1112.7464902755137
2022-01-05 17:00:00,1088.0,1088.98,1078.71,1078.73,509830,1082.14,18.30991238438057,1136.6565233333333,1173.2763481020945,1100.0366985645721
2022-01-05 18:00:00,1079.97,1083.29,1077.0,1082.74,134839,1081.01,21.677189729364606,1133.2257733333333,1176.5801527920626,1089.871393874604
2022-01-05 19:00:00,1082.21,1082.95,1073.8,1082.5,187484,1079.75,24.401209566880606,1129.9669766666668,1178.7693958004281,1081.1645575329055
2022-01-05 20:00:00,1082.48,1086.5,1080.14,1083.5,96760,1083.38,26.008249169948854,1126.7171416666665,1178.7336400065642,1074.7006433267688
2022-01-06 05:00:00,1086.0,1086.0,1066.3,1070.5,119107,1074.2666666666667,27.906511955297454,1123.0513083333333,1178.8643322439282,1067.2382844227384
2022-01-06 06:00:00,1072.0,1079.0,1071.78,1073.0,36579,1074.5933333333332,29.21315612581426,1119.4131433333334,1177.839455584962,1060.9868310817048
2022-01-06 07:00:00,1075.0,1076.74,1069.25,1071.12,38509,1072.37,30.351983641931916,1115.83581,1176.539777283864,1055.1318427161361
2022-01-06 08:00:00,1072.74,1077.0,1066.27,1071.0,196552,1071.4233333333334,31.25101059567021,1112.3661450000002,1174.8681661913406,1049.8641238086598
2022-01-06 09:00:00,1071.9721,1077.0,1066.1,1072.0,212996,1071.7,32.03499665585598,1109.2518116666668,1173.3218049783786,1045.1818183549549
2022-01-06 10:00:00,1071.5,1088.0,1040.0,1049.9899,5481969,1059.3299666666667,33.10520269756419,1105.3476433333333,1171.5580487284617,1039.1372379382049
2022-01-06 11:00:00,1049.0,1068.84,1020.5,1065.35,8938937,1051.5633333333333,34.31301392096243,1101.1488100000001,1169.774837841925,1032.5227821580752
2022-01-06 12:00:00,1065.24,1077.8078,1049.11,1062.0,4231262,1062.9725999999998,34.17139379940497,1097.3901066666665,1165.7328942654765,1029.0473190678565
2022-01-06 13:00:00,1062.0,1075.14,1059.071,1069.9009,2193819,1068.0373,33.035819781979676,1093.6284716666667,1159.700111230626,1027.5568321027074
2022-01-06 14:00:00,1070.0,1072.4099,1059.2501,1067.19,1777988,1066.2833333333333,30.754274043134863,1089.389305,1150.8978530862696,1027.8807569137302
2022-01-06 15:00:00,1066.9,1080.0,1059.6,1076.1883,2484848,1071.9294333333335,26.987655070827486,1085.2340266666665,1139.2093368083215,1031.2587165250116
2022-01-06 16:00:00,1076.115,1084.565,1058.13,1064.7,3251605,1069.1316666666667,23.134247336209413,1081.3391333333334,1127.6076280057523,1035.0706386609145
2022-01-06 17:00:00,1064.8,1068.43,1061.5,1066.0,572778,1065.3100000000002,19.10824238307134,1077.6294683333333,1115.845953099476,1039.4129835671906
2022-01-06 18:00:00,1066.79,1066.79,1064.0,1065.5,28944,1065.43,13.516067855086776,1074.044355,1101.0764907101736,1047.0122192898264
2022-01-06 19:00:00,1065.5,1071.0,1065.5,1068.26,41416,1068.2533333333333,8.930426469828436,1071.53755,1089.398402939657,1053.676697060343
2022-01-06 20:00:00,1070.25,1076.8499,1068.5,1076.01,71271,1073.7866333333334,7.648742269739141,1070.6330466666666,1085.930531206145,1055.3355621271883
2022-01-07 05:00:00,1066.71,1081.0,1056.52,1078.06,36622,1071.86,7.1898424379279495,1070.1190466666667,1084.4987315425226,1055.7393617908108
2022-01-07 06:00:00,1076.0,1076.5,1070.4,1076.0,7479,1074.3,6.820897986743712,1069.7835466666666,1083.425342640154,1056.1417506931791
2022-01-07 07:00:00,1074.0,1080.0,1074.0,1079.66,12077,1077.8866666666665,6.695706639499027,1069.69038,1083.081793278998,1056.298966721002
2022-01-07 08:00:00,1078.0,1101.0,1077.0,1077.01,87112,1085.0033333333333,6.868765651605485,1069.7715466666666,1083.5090779698776,1056.0340153634556
2022-01-07 09:00:00,1080.0004,1084.48,1063.9,1065.64,316380,1071.34,6.802295585642668,1069.6252133333332,1083.2298045046186,1056.0206221620479
2022-01-07 10:00:00,1066.0443,1081.88,1052.9101,1073.98,3585462,1069.5900333333334,6.706309996721734,1069.3750483333333,1082.7876683267768,1055.9624283398898
2022-01-07 11:00:00,1073.98,1074.53,1030.0,1040.9001,5329819,1048.4767,8.058283358674707,1068.1803833333333,1084.2969500506827,1052.063816615984
2022-01-07 12:00:00,1041.41,1046.0,1023.35,1041.5,4166522,1036.95,10.497900258296685,1066.4567166666666,1087.45251718326,1045.4609161500732
2022-01-07 13:00:00,1041.75,1044.03,1027.72,1038.35,2433152,1036.6999999999998,12.249159896355632,1064.7067166666666,1089.2050364593779,1040.2083968739553
2022-01-07 14:00:00,1038.0,1039.3366,1020.8,1024.16,2389902,1028.0988666666667,14.600161855317525,1063.1451616666668,1092.3454853773019,1033.9448379560317
2022-01-07 15:00:00,1024.77,1039.4999,1010.0,1032.0,4660436,1027.1666333333333,16.42231763329199,1061.9253266666667,1094.7699619332507,1029.0806914000827
2022-01-07 16:00:00,1032.15,1039.4599,1019.22,1026.9,4070632,1028.5266333333334,17.956753649997673,1060.2030283333334,1096.1165356333288,1024.289521033338
2022-01-07 17:00:00,1026.96,1028.5,1024.25,1024.79,233628,1025.8466666666666,19.33763342591922,1058.0934966666669,1096.7687635185052,1019.4182298148285
2022-01-07 18:00:00,1025.11,1027.0,1021.15,1023.0,121685,1023.7166666666667,20.619139520081124,1055.9651633333335,1097.2034423734958,1014.7268842931712
2022-01-07 19:00:00,1022.5,1026.75,1022.01,1025.5,34337,1024.7533333333333,21.343640136732926,1053.6063583333332,1096.293638606799,1010.9190780598674
2022-01-07 20:00:00,1026.0,1027.0,1025.01,1026.9,35090,1026.3033333333333,21.82169351153497,1051.4649416666666,1095.1083286897365,1007.8215546435966
2022-01-10 05:00:00,1023.16,1032.81,1020.2,1031.2,50709,1028.07,22.147260473431988,1049.6029416666668,1093.8974626135307,1005.3084207198028
2022-01-10 06:00:00,1030.0,1033.0,1015.01,1018.0,44988,1022.0033333333334,22.61301811494746,1047.4316083333333,1092.6576445632281,1002.2055721034384
2022-01-10 07:00:00,1016.0,1019.0,1013.4,1017.98,32838,1016.7933333333334,23.021430068893512,1044.8586083333334,1090.9014684711206,998.8157481955465
2022-01-10 08:00:00,1019.0,1019.0,998.0,998.02,316364,1005.0066666666667,23.57385976225446,1041.4196100000001,1088.567329524509,994.2718904754912
2022-01-10 09:00:00,1014.0,1019.69,995.1,999.0,448137,1004.5966666666667,23.788265272641624,1038.0564433333334,1085.6329738786167,990.4799127880501
2022-01-10 10:00:00,999.0,1007.3699,980.0,993.05,5802723,993.4733,24.15061571846348,1034.0151083333335,1082.3163397702604,985.7138768964065
2022-01-10 11:00:00,992.73,1017.2643,985.25,1006.54,6066811,1003.0180999999999,22.826388865635206,1030.2716799999998,1075.9244577312702,984.6189022687295
2022-01-10 12:00:00,1005.5222,1031.9299,999.5,1026.1675,4299793,1019.1991333333334,19.146041822146337,1026.9814700000002,1065.2735536442929,988.6893863557075
2022-01-10 13:00:00,1026.1506,1026.1506,1005.26,1022.425,2470141,1017.9452,16.283186278348257,1024.31173,1056.8781025566964,991.7453574433034
2022-01-10 14:00:00,1022.83,1028.81,1014.3001,1025.2699,2084511,1022.7933333333334,12.540987454454044,1021.971895,1047.0538699089082,996.8899200910919
2022-01-10 15:00:00,1025.26,1044.44,1024.68,1038.67,3269309,1035.93,11.467302101440499,1021.3445600000001,1044.279164202881,998.4099557971191
2022-01-10 16:00:00,1038.51,1059.1,1015.0,1058.27,4402815,1044.1233333333332,12.047303165306788,1021.7032266666668,1045.7978329972802,997.6086203360531
2022-01-10 17:00:00,1058.12,1064.5,1058.12,1061.59,548495,1061.4033333333334,14.531745931202776,1022.9383933333332,1052.0018851957389,993.8749014709277
2022-01-10 18:00:00,1061.0,1066.8,1060.17,1066.11,80223,1064.36,17.097965259751682,1024.75145,1058.9473805195034,990.5555194804966
2022-01-10 19:00:00,1066.5,1073.35,1064.75,1071.08,104893,1069.7266666666667,19.7144331674621,1026.8794516666665,1066.3083180015906,987.4505853317422
2022-01-10 20:00:00,1071.5,1072.02,1065.0,1067.79,66785,1068.27,21.684862262045105,1028.86662,1072.2363445240903,985.4968954759098
2022-01-11 05:00:00,1068.8,1079.26,1065.81,1075.0,72844,1073.3566666666666,23.72977997763971,1031.2421199999999,1078.7016799552794,983.7825600447204
2022-01-11 06:00:00,1072.9,1075.6,1068.6,1072.0,19491,1072.0666666666666,25.253885041128093,1033.65962,1084.1673900822561,983.1518499177437
2022-01-11 07:00:00,1070.0,1070.94,1063.0,1066.71,22533,1066.8833333333334,26.16383050498985,1035.76612,1088.0937810099797,983.4384589900203
2022-01-11 08:00:00,1069.25,1072.38,1067.35,1067.35,151663,1069.0266666666666,27.03366050536595,1037.902286666667,1091.9696076773987,983.834965655935
2022-01-11 09:00:00,1070.9984,1072.0,1052.1,1052.15,316557,1058.75,27.301342619476472,1039.4362866666665,1094.0389719056195,984.8336014277136
2022-01-11 10:00:00,1052.2501,1062.6,1038.82,1054.18,3991030,1051.8666666666666,27.123128255839188,1040.9294533333334,1095.1757098450119,986.6831968216551
2022-01-11 11:00:00,1055.65,1075.0,1044.2,1053.365,5028725,1057.5216666666668,26.761064184270356,1042.96587,1096.4879983685407,989.4437416314593
2022-01-11 12:00:00,1054.0,1075.85,1053.2501,1071.0,3375599,1066.7000333333333,25.744122574280027,1046.0505383333334,1097.5387834818935,994.5622931847734
2022-01-11 13:00:00,1071.0,1071.99,1053.3,1064.3293,2248659,1063.2064333333335,24.144712632426742,1048.9810266666668,1097.2704519315203,1000.6916014018134
2022-01-11 14:00:00,1064.8686,1067.56,1056.5377,1063.58,1525829,1062.5592333333332,20.64456300022295,1052.4353233333334,1093.7244493337794,1011.1461973328875
2022-01-11 15:00:00,1062.94,1067.31,1053.5001,1059.3834,1845487,1060.0645,17.287838812861924,1055.2876433333336,1089.8633209590573,1020.7119657076097
2022-01-11 16:00:00,1059.69,1066.1999,1054.4901,1064.4,2312967,1061.6966666666667,15.208189283221643,1057.41252,1087.8288985664433,1026.9961414335569
2022-01-11 17:00:00,1064.4,1064.5,1059.05,1060.75,320114,1061.4333333333334,12.22644087689462,1059.5869266666666,1084.0398084204558,1035.1340449128775
2022-01-11 18:00:00,1061.29,1062.3499,1060.75,1062.0464,16350,1061.7154333333335,8.84514744691879,1061.5330316666666,1079.2233265605041,1043.842736772829
2022-01-11 19:00:00,1062.38,1062.45,1060.3,1060.3,12059,1061.0166666666667,6.62577175588342,1062.787365,1076.0389085117667,1049.535821488233
2022-01-11 20:00:00,1060.5,1061.0,1058.57,1059.0,46799,1059.5233333333333,5.140364052709943,1063.5573650000001,1073.83809310542,1053.2766368945802
2022-01-12 05:00:00,1058.9,1070.48,1058.0,1069.0,27138,1065.8266666666666,5.138085419844044,1063.7785316666668,1074.054702506355,1053.5023608269787
2022-01-12 06:00:00,1070.0,1071.0,1069.0,1069.69,8240,1069.8966666666668,5.308291496324052,1064.055365,1074.671947992648,1053.4387820073518
2022-01-12 07:00:00,1068.0,1069.0,1066.5,1068.99,6640,1068.1633333333332,5.235211136509718,1063.9771983333335,1074.447620606353,1053.506776060314
2022-01-12 08:00:00,1067.39,1069.99,1065.0,1065.0,80301,1066.6633333333332,5.180766444633038,1063.8968650000002,1074.2583978892662,1053.535332110734
2022-01-12 09:00:00,1067.538,1082.59,1064.8154,1081.16,374391,1076.1884666666667,5.46809605106768,1064.038455,1074.9746471021356,1053.1022628978646
2022-01-12 10:00:00,1081.0,1088.88,1072.5901,1085.345,4337443,1082.2717,6.5604626127754795,1064.5487066666667,1077.6696318922177,1051.4277814411157
2022-01-12 11:00:00,1085.504,1102.9648,1081.25,1089.0,6474268,1091.0716,8.745150572615017,1065.75812,1083.24842114523,1048.26781885477
2022-01-12 12:00:00,1089.0,1096.75,1083.7341,1092.0622,2979004,1090.8487666666667,10.306794169801115,1066.849225,1087.4628133396022,1046.2356366603976
2022-01-12 13:00:00,1092.25,1102.15,1087.7503,1101.06,2324630,1096.9867666666667,12.029487888156687,1068.7610633333334,1092.8200391096468,1044.70208755702
2022-01-12 14:00:00,1101.35,1103.4,1094.5,1098.62,2239558,1098.84,13.044479037260238,1071.10973,1097.1986880745203,1045.0207719254795
2022-01-12 15:00:00,1098.0001,1113.84,1093.38,1113.0501,3700011,1106.7567,14.77842218698223,1073.5714816666666,1103.128326040631,1044.0146372927022
2022-01-12 16:00:00,1113.2095,1114.84,1105.0,1106.604,3703350,1108.8146666666669,16.54421109699727,1075.6772133333332,1108.7656355273277,1042.5887911393386
2022-01-12 17:00:00,1106.22,1108.68,1105.75,1107.31,410428,1107.2466666666667,17.63285475865209,1077.8792250000001,1113.1449345173044,1042.613515482696
2022-01-12 18:00:00,1107.13,1108.0,1104.22,1108.0,46563,1106.74,18.328934121444995,1080.0882633333333,1116.7461315762232,1043.4303950904434
2022-01-12 19:00:00,1108.6,1108.96,1105.5,1106.88,22535,1107.1133333333335,18.624876100446194,1082.440705,1119.6904572008923,1045.1909527991077
2022-01-12 20:00:00,1106.11,1109.0,1105.75,1109.0,38997,1107.9166666666667,18.774471059933973,1084.751705,1122.3006471198678,1047.202762880132
2022-01-13 05:00:00,1104.26,1110.0,1098.0,1103.9,28007,1103.9666666666667,18.418237353300523,1086.8783716666667,1123.7148463732676,1050.0418969600657
2022-01-13 06:00:00,1105.59,1110.75,1105.59,1108.13,12492,1108.1566666666668,18.02273884418515,1089.2004333333334,1125.2459110217037,1053.1549556449631
2022-01-13 07:00:00,1110.15,1110.15,1102.75,1102.75,9654,1105.2166666666667,17.118550370257033,1091.4104333333332,1125.6475340738473,1057.1733325928192
2022-01-13 08:00:00,1103.8,1110.0,1103.8,1109.28,89094,1107.6933333333334,15.800670201893968,1093.8189333333335,1125.4202737371213,1062.2175929295456
2022-01-13 09:00:00,1107.4988,1114.84,1104.0,1114.0,238392,1110.9466666666667,14.834461757307308,1096.0749333333335,1125.743856847948,1066.406009818719
2022-01-13 10:00:00,1114.24,1115.6,1099.0,1111.46,3780586,1108.6866666666667,13.783588211311558,1098.0144333333333,1125.5816097559564,1070.4472569107102
2022-01-13 11:00:00,1111.9899,1112.5999,1069.12,1074.06,6217849,1085.2599666666665,12.362684952619441,1098.869265,1123.594634905239,1074.143895094761
2022-01-13 12:00:00,1074.0537,1084.0,1065.0,1074.37,4301985,1074.4566666666667,11.428988812224095,1099.2589316666667,1122.116909291115,1076.4009540422185
2022-01-13 13:00:00,1074.0,1074.553,1051.3,1057.98,4276268,1061.2776666666666,13.250753267740917,1098.5133916666668,1125.0148982021487,1072.011885131185
2022-01-13 14:00:00,1057.73,1067.4,1053.5,1066.5,2834749,1062.4666666666667,15.045948143960263,1097.52314,1127.6150362879205,1067.4312437120795
2022-01-13 15:00:00,1066.4169,1072.04,1052.89,1059.3733,2796744,1061.4344333333333,16.947662684150053,1096.0412816666667,1129.9366070349668,1062.1459562983666
2022-01-13 16:00:00,1059.09,1059.09,1026.5391,1031.46,5873794,1039.0297,21.01614005676871,1093.4503283333333,1135.4826084468707,1051.418048219796
2022-01-13 17:00:00,1031.56,1034.5,1027.21,1034.5,937723,1032.07,24.877592164651098,1090.20449,1139.9596743293023,1040.4493056706979
2022-01-13 18:00:00,1034.84,1034.95,1032.01,1033.5,74489,1033.4866666666667,27.664669146798627,1086.9368233333335,1142.2661616269306,1031.6074850397363
2022-01-13 19:00:00,1033.9,1034.5,1030.0,1030.0,74737,1031.5,29.75223832378139,1083.1739883333335,1142.6784649808963,1023.6695116857707
2022-01-13 20:00:00,1029.97,1030.96,1025.89,1025.89,73865,1027.5800000000002,31.46999150420371,1079.112255,1142.0522380084074,1016.1722719915925
2022-01-14 05:00:00,1040.2,1040.2,1032.41,1034.47,43424,1035.6933333333334,32.12854725069622,1075.5345883333334,1139.7916828347259,1011.277493831941
2022-01-14 06:00:00,1033.62,1036.0,1032.7,1035.06,7925,1034.5866666666668,32.47115671236735,1071.9269216666667,1136.8692350914014,1006.9846082419319
2022-01-14 07:00:00,1034.05,1034.76,1022.45,1027.5,22578,1028.2366666666667,32.746907299430035,1067.9830883333334,1133.4769029321935,1002.4892737344733
2022-01-14 08:00:00,1027.53,1031.0,1010.0,1010.0,206267,1017.0,33.19524917601962,1063.437255,1129.8277533520393,997.0467566479608
2022-01-14 09:00:00,1026.0529,1031.0,997.59,1006.0,665428,1011.5300000000001,33.66228928751544,1058.8154216666667,1126.1400002416976,991.4908430916358
2022-01-14 10:00:00,1005.93,1044.95,1002.55,1036.5743,5014190,1028.0247666666667,32.29198376441609,1054.8088266666666,1119.3927941954987,990.2248591378344
2022-01-14 11:00:00,1036.5,1048.6499,1024.6873,1035.0782,4455031,1036.1384666666665,30.351677410094176,1051.3549166666667,1112.0582714868551,990.6515618464783
2022-01-14 12:00:00,1034.995,1045.5,1026.37,1041.1394,3130519,1037.6698,27.56137414641883,1047.85374,1102.9764882928378,992.7309917071624
2022-01-14 13:00:00,1041.4,1042.6,1026.8,1027.665,1650389,1032.355,23.604287682037622,1043.9241566666665,1091.1327320307416,996.7155813025912
2022-01-14 14:00:00,1027.5,1041.28,1020.0,1037.71,2486963,1032.9966666666667,18.414704003496816,1040.1396566666667,1076.9690646736603,1003.3102486596731
2022-01-14 15:00:00,1037.59,1040.55,1028.45,1035.55,2144617,1034.8500000000001,15.243205579727242,1037.6191583333334,1068.105569492788,1007.1327471738789
2022-01-14 16:00:00,1036.0,1052.0,1035.34,1049.89,3757847,1045.7433333333333,12.874167449942707,1036.1834916666667,1061.931826566552,1010.4351567667812
2022-01-14 17:00:00,1049.61,1050.49,1049.5,1050.0,179512,1049.9966666666667,11.978328112018211,1035.6194416666665,1059.5760978907028,1011.66278544263
2022-01-14 18:00:00,1050.0,1050.13,1049.7,1050.0,19292,1049.9433333333334,10.83089464350068,1034.993275,1056.6550642870013,1013.3314857129986
2022-01-14 19:00:00,1049.95,1049.95,1048.79,1049.75,15520,1049.4966666666667,9.618351152227717,1034.3963866666668,1053.633088971122,1015.1596843622114
2022-01-14 20:00:00,1049.85,1049.9,1045.99,1046.0,26863,1047.2966666666666,9.979444053882338,1034.809735,1054.7686231077648,1014.8508468922354
2022-01-18 05:00:00,1032.0,1035.01,1016.5,1021.0,104314,1024.17,10.233189594382017,1034.414735,1054.881114188764,1013.9483558112361
2022-01-18 06:00:00,1021.09,1024.64,1021.09,1022.0,14758,1022.5766666666668,10.553886799479908,1033.869235,1054.9770085989596,1012.76146140104
2022-01-18 07:00:00,1021.95,1025.0,1021.5,1022.74,21909,1023.0799999999999,10.804952635076072,1033.448235,1055.0581402701523,1011.8383297298479
2022-01-18 08:00:00,1023.99,1032.94,1021.2,1024.58,172726,1026.24,10.845212581422164,1033.381235,1055.0716601628444,1011.6908098371557
2022-01-18 09:00:00,1030.0436,1049.61,1020.0,1025.02,216622,1031.5433333333333,10.83868921401037,1033.1737349999999,1054.8511134280207,1011.4963565719792
2022-01-18 10:00:00,1026.0,1046.55,1016.06,1044.0,3515792,1035.5366666666666,10.846855817988821,1033.221235,1054.9149466359777,1011.5275233640224
2022-01-18 11:00:00,1044.515,1070.7899,1038.28,1048.8305,4489742,1052.6334666666664,11.565712790449545,1034.441075,1057.572500580899,1011.3096494191009
2022-01-18 12:00:00,1048.88,1055.7999,1038.85,1053.36,2874521,1049.3366333333333,11.2710201737968,1036.0579066666664,1058.5999470142601,1013.5158663190729
2022-01-18 13:00:00,1054.0,1055.2999,1036.1,1041.3341,1761091,1044.2446666666667,9.880815447765356,1037.69364,1057.4552708955307,1017.9320091044692
2022-01-18 14:00:00,1041.5126,1043.77,1032.01,1042.7317,1854079,1039.5039,9.632786935470135,1038.2675966666668,1057.533170537607,1019.0020227957266
2022-01-18 15:00:00,1042.7586,1053.76,1038.2201,1049.9999,2147680,1047.3266666666668,9.816023753611402,1038.8270066666666,1058.4590541738894,1019.1949591594439
2022-01-18 16:00:00,1049.51,1052.51,1026.69,1030.52,3018750,1036.5733333333335,9.825391215864412,1038.7721833333333,1058.4229657650621,1019.1214009016045
2022-01-18 17:00:00,1030.95,1032.27,1028.1,1032.0,1083421,1030.79,9.882253787671736,1038.6939333333335,1058.458440908677,1018.92942575799
2022-01-18 18:00:00,1031.94,1031.94,1028.16,1028.5,16004,1029.5333333333333,10.010086936383352,1038.5207666666668,1058.5409405394334,1018.5005927939001
2022-01-18 19:00:00,1030.0,1030.0,1026.0,1028.0,21470,1028.0,10.244273248533531,1038.1782666666666,1058.6668131637337,1017.6897201695995
2022-01-18 20:00:00,1027.98,1028.66,1024.63,1025.01,35243,1026.1000000000001,10.41216584719575,1037.1961000000001,1058.0204316943916,1016.3717683056086
2022-01-19 05:00:00,1024.71,1041.0,1024.57,1040.97,33731,1035.5133333333333,9.991878707316891,1036.4719333333335,1056.4556907479673,1016.4881759186997
2022-01-19 06:00:00,1043.99,1046.02,1041.3,1043.0,14661,1043.44,9.648091702309708,1036.1467666666665,1055.4429500712858,1016.850583262047
2022-01-19 07:00:00,1045.0,1045.0,1040.54,1043.0,5258,1042.8466666666666,9.290239972475302,1035.8142666666668,1054.3947466116174,1017.2337867217161
2022-01-19 08:00:00,1041.05,1043.0,1032.52,1039.89,85601,1038.47,8.937234142840625,1035.3729333333335,1053.247401619015,1017.4984650476523
2022-01-19 09:00:00,1041.3667,1048.0,1032.7,1046.8,178915,1042.5,8.677479477011483,1036.2894333333334,1053.6443922873564,1018.9344743793104
2022-01-19 10:00:00,1046.03,1054.6699,1032.61,1036.0,3190650,1041.0932999999998,8.13592920715177,1037.215265,1053.4871234143036,1020.9434065856965
2022-01-19 11:00:00,1036.2,1038.0,1003.0,1013.85,4668504,1018.2833333333333,8.6061861493093,1036.9754316666665,1054.1878039652852,1019.763059368048
2022-01-19 12:00:00,1013.607,1018.89,995.5,1010.035,4693133,1008.1416666666665,10.44291106029498,1036.0705150000001,1056.95633712059,1015.1846928794101
2022-01-19 13:00:00,1009.52,1027.84,1008.3323,1024.37,2957663,1020.1807666666667,10.969551404810455,1035.5023866666666,1057.4414894762874,1013.5632838570457
2022-01-19 14:00:00,1024.37,1024.37,1009.2,1014.5001,1936777,1016.0233666666667,11.762256929801152,1034.5267216666666,1058.051235526269,1011.0022078070643
2022-01-19 15:00:00,1014.77,1016.3,1001.1,1007.35,2438061,1008.25,12.310830684884886,1032.3075483333334,1056.9292097031032,1007.6858869635637
2022-01-19 16:00:00,1007.34,1011.29,995.0,995.65,3984123,1000.6466666666666,13.46294375742455,1029.8730500000001,1056.7989375148493,1002.947162485151
2022-01-19 17:00:00,995.65,996.38,989.1,993.8,430433,993.0933333333334,15.232200004742255,1027.3154833333333,1057.7798833428178,996.8510833238488
2022-01-19 18:00:00,993.77,994.89,993.5,994.8,36353,994.3966666666666,16.54351263280176,1025.0601216666666,1058.14714693227,991.9730964010631
2022-01-19 19:00:00,994.83,997.7,992.15,993.2,55695,994.35,17.001091715861072,1022.4112883333333,1056.4134717650554,988.4091049016112
2022-01-19 20:00:00,993.5,1000.0,993.47,999.0,68149,997.4900000000001,17.499820194806777,1020.4571216666667,1055.4567620562802,985.4574812770531
2022-01-20 05:00:00,1011.0,1016.84,1008.0,1013.98,42788,1012.94,17.405001803377342,1019.5646216666667,1054.3746252734213,984.754618059912
2022-01-20 06:00:00,1008.75,1013.0,1008.75,1013.0,3630,1011.5833333333334,17.3304607291296,1018.6671216666667,1053.328043124926,984.0062002084076
2022-01-20 07:00:00,1012.7,1016.0,1011.9,1012.75,9033,1013.5500000000001,17.22721621859544,1017.9446216666668,1052.3990541038577,983.4901892294758
2022-01-20 08:00:00,1012.81,1014.0,1006.33,1013.0,117258,1011.11,17.182122141067804,1017.1951216666666,1051.5593659488022,982.830877384531
2022-01-20 09:00:00,1011.255,1016.25,1007.1279,1014.0,165446,1012.4593,16.680532262128857,1016.04242,1049.4034845242577,982.6813554757423
2022-01-20 10:00:00,1014.02,1027.0,1002.65,1020.432,3976242,1016.694,15.457737337331228,1014.70512,1045.6205946746625,983.7896453253375
2022-01-20 11:00:00,1020.88,1041.66,1017.64,1039.72,4372273,1033.006666666667,14.691820093845603,1014.21312,1043.5967601876912,984.8294798123088
2022-01-20 12:00:00,1039.72,1040.48,1028.22,1033.0,2558697,1033.9,14.344204971343864,1013.98462,1042.6730299426877,985.2962100573122
2022-01-20 13:00:00,1033.15,1038.0,1028.98,1032.673,1490387,1033.2176666666667,13.541786121355555,1013.5205033333332,1040.6040755760444,986.4369310906221
2022-01-20 14:00:00,1032.3,1034.4,1025.5,1027.55,2007370,1029.15,12.538918128009081,1012.9233383333334,1038.0011745893516,987.8455020773152
2022-01-20 15:00:00,1027.64,1031.9899,1010.1301,1010.5001,2398245,1017.5400333333333,12.524068943432075,1012.8861733333333,1037.9343112201975,987.8380354464691
2022-01-20 16:00:00,1010.5286,1014.7399,994.0,996.1901,5103923,1001.6433333333334,12.72561540544661,1012.5612566666666,1038.01248747756,987.1100258557734
2022-01-20 17:00:00,996.27,998.0,982.62,991.0,548855,990.54,13.456923513672377,1011.0792183333333,1037.993065360678,984.1653713059885
2022-01-20 18:00:00,990.42,991.0,982.2,985.0,122951,986.0666666666666,14.453526824702308,1009.5813833333334,1038.488436982738,980.6743296839288
2022-01-20 19:00:00,985.74,990.0,984.0,988.94,64209,987.6466666666666,15.225345808703755,1008.5512166666667,1039.0019082840743,978.1005250492592
2022-01-20 20:00:00,989.89,990.0,988.13,989.9,39045,989.3433333333332,15.710340072885916,1007.9860499999999,1039.4067301457717,976.565369854228
2022-01-21 05:00:00,995.87,1000.0,992.1,998.04,45674,996.7133333333333,15.557830207724713,1008.16705,1039.2827104154494,977.0513895845506
2022-01-21 06:00:00,997.76,1002.3,997.76,1001.0,17057,1000.3533333333334,15.346951216054174,1008.4648833333333,1039.1587857654417,977.770980901225
2022-01-21 07:00:00,997.56,997.56,989.9,993.59,39599,993.6833333333334,15.378264367648258,1008.43155,1039.1880787352966,977.6750212647034
2022-01-21 08:00:00,992.36,994.0,983.15,986.95,143851,988.0333333333333,15.845691210517089,1007.9587166666666,1039.6500990877007,976.2673342456325
2022-01-21 09:00:00,990.1004,993.6,982.0407,989.5,216183,988.3802333333333,16.355524017639745,1006.7307283333333,1039.4417763686129,974.0196802980538
2022-01-21 10:00:00,990.67,1004.55,966.4801,969.745,5142854,980.2583666666666,17.289069954632087,1005.16448,1039.7426199092642,970.5863400907358
2022-01-21 11:00:00,969.505,983.6599,951.33,973.5399,8130538,969.5099333333334,18.81780031865863,1002.9624766666666,1040.598077303984,965.3268760293494
2022-01-21 12:00:00,973.1675,984.04,960.53,965.41,4330494,969.9933333333333,20.02279380910167,1000.9066433333334,1040.9522309515366,960.8610557151301
2022-01-21 13:00:00,964.71,977.49,954.115,959.16,3173649,963.5883333333335,21.398620579943415,998.4630950000001,1041.260336159887,955.6658538401132
2022-01-21 14:00:00,958.9299,965.0,954.67,956.328,2695463,958.666,22.628631961088182,995.5616950000001,1040.8189589221765,950.3044310778238
2022-01-21 15:00:00,956.7443,962.49,948.99,949.09,2861105,953.5233333333332,22.68294251548819,991.5875283333332,1036.9534133643097,946.2216433023568
2022-01-21 16:00:00,949.23,962.34,940.5,942.97,6256571,948.6033333333334,22.34260203876471,987.3226950000001,1032.0078990775296,942.6374909224706
2022-01-21 17:00:00,943.9,944.42,939.0,939.68,331502,941.0333333333333,21.90353433908574,982.7134783333335,1026.520547011505,938.906409655162
2022-01-21 18:00:00,939.7,943.9,935.1,935.95,116971,938.3166666666667,21.210242750042624,978.1718116666667,1020.5922971667519,935.7513261665815
2022-01-21 19:00:00,936.0,943.9,935.0,936.99,110119,938.63,20.856469350021538,974.22631,1015.9392487000431,932.5133712999569
2022-01-21 20:00:00,936.5,936.88,935.01,936.0,74175,935.9633333333333,21.443548411936362,970.94231,1013.8294068238728,928.0552131761273
2022-01-24 05:00:00,951.67,952.35,931.14,932.51,109805,938.6666666666666,22.044977810819095,968.3486433333334,1012.4385989549716,924.2586877116952
2022-01-24 06:00:00,932.0,932.0,905.06,914.0,234785,917.02,24.2919226290359,964.8963099999999,1013.4801552580717,916.312464741928
2022-01-24 07:00:00,915.52,921.64,913.61,920.0,87577,918.4166666666666,25.69541687853571,961.4348100000001,1012.8256437570715,910.0439762429287
2022-01-24 08:00:00,921.28,922.95,907.81,912.5,286125,914.4200000000001,26.791715475156543,957.6886433333333,1011.2720742836464,904.1052123830202
2022-01-24 09:00:00,912.0,943.9,887.04,892.64,965689,907.86,27.31404573352068,953.2459766666667,1007.8740681337081,898.6178851996253
2022-01-24 10:00:00,892.97,915.91,852.31,864.02,9848565,877.4133333333333,29.74635813797829,947.0989766666668,1006.5916929426234,887.6062603907102
2022-01-24 11:00:00,864.64,902.4299,861.64,891.47,8274786,885.1799666666667,30.636684655727944,941.6738083333333,1002.9471776447892,880.4004390218774
2022-01-24 12:00:00,890.9558,904.79,860.01,873.74,5003195,879.5133333333333,31.54205011400691,936.2478083333333,999.3319085613471,873.1637081053195
2022-01-24 13:00:00,873.745,881.9499,851.47,880.34,5796785,871.2533,32.18585012035428,930.3914616666667,994.7631619073753,866.0197614259581
2022-01-24 14:00:00,880.0,905.86,876.31,901.2262,7910195,894.4654,30.94715737795884,926.1018133333333,987.996128089251,864.2074985774157
2022-01-24 15:00:00,901.53,907.36,873.6,890.3779,4191483,890.4459666666667,30.190271590242617,922.1486150000001,982.5291581804853,861.7680718195148
2022-01-24 16:00:00,890.0916,933.5131,883.7201,930.13,6070016,915.7877333333334,28.13670322147357,919.438335,975.7117414429472,863.1649285570529
2022-01-24 17:00:00,930.0,930.0,923.2,926.82,743111,926.6733333333333,26.332934084778383,917.592585,970.2584531695568,864.9267168304432
2022-01-24 18:00:00,926.3,930.0,904.35,922.0,74733,918.7833333333333,24.600131561715894,915.5984516666665,964.7987147900983,866.3981885432347
2022-01-24 19:00:00,921.63,922.0,912.0,920.0,91571,918.0,23.030094313187032,913.822285,959.882473626374,867.7620963736259
2022-01-24 20:00:00,920.0,930.0,910.0,910.0,114901,916.6666666666666,21.627617219075432,912.2254516666666,955.4806861048174,868.9702172285157
2022-01-25 05:00:00,905.0,914.8,894.32,912.0,131770,907.04,20.608607496393503,910.525785,951.7429999927871,869.308570007213
2022-01-25 06:00:00,913.0,914.5,907.0,908.0,24787,909.8333333333334,19.598310425160737,909.1016183333334,948.2982391836548,869.9049974830119
2022-01-25 07:00:00,908.01,912.0,903.0,909.99,28669,908.3299999999999,18.391086157999645,907.5866183333331,944.3687906493325,870.8044460173338
2022-01-25 08:00:00,908.0,910.0,896.5,901.0,141223,902.5,17.2181401426058,905.9134516666666,940.3497319518782,871.4771713814549
2022-01-25 09:00:00,902.1473,909.3695,896.5,906.0,285064,903.9564999999999,15.492100862853258,904.1779433333334,935.1621450590399,873.1937416076269
2022-01-25 10:00:00,905.0,929.0,904.71,918.52,4149659,917.41,15.508489742873694,904.1974433333332,935.2144228190806,873.1804638475859
2022-01-25 11:00:00,918.61,932.3,907.78,923.0,4877722,921.0266666666666,15.63803204194244,904.3279433333333,935.6040074172182,873.0518792494485
2022-01-25 12:00:00,923.0,926.73,905.3601,907.2695,3003426,913.1198666666666,15.598597234524238,904.2629366666667,935.4601311357152,873.0657421976183
2022-01-25 13:00:00,906.9847,915.0,903.21,912.53,2822690,910.2466666666666,15.634746663918383,904.3822700000001,935.6517633278369,873.1127766721632
2022-01-25 14:00:00,912.1001,929.88,907.02,929.88,2382529,922.2600000000001,14.7997205621673,906.6246033333333,936.2240444576679,877.0251622089987
2022-01-25 15:00:00,929.39,951.26,922.6,948.2056,4300117,940.6885333333333,15.695625841257245,909.4000316666667,940.7912833491812,878.0087799841522
2022-01-25 16:00:00,948.27,948.27,915.0,918.4,4701063,927.2233333333334,14.55626420309846,911.7855316666668,940.8980600728637,882.6730032604698
2022-01-25 17:00:00,918.93,919.44,901.0,903.55,635124,907.9966666666666,11.273168355471087,913.6227000000001,936.1690367109424,891.0763632890579
2022-01-25 18:00:00,903.95,907.9699,903.2,907.0,106037,906.0566333333333,10.548013752410775,914.2022616666667,935.2982891714882,893.1062341618451
2022-01-25 19:00:00,907.0,925.89,906.11,921.02,151369,917.6733333333333,9.043871389037314,915.56363,933.6513727780746,897.4758872219254
2022-01-25 20:00:00,922.2,923.05,918.23,921.84,59813,921.04,9.122481254694216,915.8262433333333,934.0712058427217,897.5812808239449
2022-01-26 05:00:00,940.2,956.0,936.2,952.99,113742,948.3966666666666,11.366554532781274,916.9124099999999,939.6455190655624,894.1793009344374
2022-01-26 06:00:00,953.44,959.98,949.12,956.16,56170,955.0866666666667,14.092281852687215,918.7275766666668,946.9121403720412,890.5430129612923
2022-01-26 07:00:00,956.99,960.0,955.5,958.0,29542,957.8333333333334,16.463967126358018,920.7192433333333,953.6471775860493,887.7913090806173
2022-01-26 08:00:00,957.37,957.37,946.99,951.31,221598,951.89,17.768515418759225,922.4804099999999,958.0174408375184,886.9433791624814
2022-01-26 09:00:00,949.9154,960.0,947.0001,957.96,401210,954.9867,18.73193947551232,924.877745,962.3416239510246,887.4138660489754
2022-01-26 10:00:00,958.15,962.0,939.0,950.99,3599869,950.6633333333333,19.200154854304028,926.919245,965.319554708608,888.518935291392
2022-01-26 11:00:00,951.0,963.3,938.55,942.665,4127123,948.1716666666666,19.23493749076655,928.9113283333334,967.3812033148664,890.4414533518003
2022-01-26 12:00:00,942.49,954.6899,938.57,952.98,2223736,948.7466333333333,18.6930467164296,931.22366,968.6097534328592,893.8375665671408
2022-01-26 13:00:00,953.14,964.2899,951.23,962.6599,2372450,959.3932666666666,18.55393069031292,933.9954983333333,971.1033597139592,896.8876369527075
2022-01-26 14:00:00,962.69,963.36,954.1001,960.195,1825563,959.2183666666666,18.919149342726296,936.0859166666667,973.9242153521193,898.247617981214
2022-01-26 15:00:00,959.82,987.69,947.61,953.79,7439943,963.0300000000001,19.454656065583805,938.1860833333333,977.0953954645008,899.2767712021657
2022-01-26 16:00:00,952.85,953.4937,906.0,938.83,8085150,932.7745666666666,18.64313115553815,939.1688183333332,976.4550806444095,901.882556022257
2022-01-26 17:00:00,938.99,957.61,879.87,932.59,2360528,923.3566666666667,17.827319574114227,939.8243183333332,975.4789574815616,904.1696791851048
2022-01-26 18:00:00,932.55,974.75,926.01,929.99,1136013,943.5833333333334,17.376934643350136,940.8904850000001,975.6443542867004,906.1366157132999
2022-01-26 19:00:00,929.7,947.5,927.21,941.5,357463,938.7366666666667,17.383274737155187,940.7928916666666,975.559441140977,906.0263421923562
2022-01-26 20:00:00,940.87,942.0,925.27,929.9,203618,932.39,17.217296193836777,941.0512249999999,975.4858173876735,906.6166326123264
2022-01-27 05:00:00,931.3,935.0,919.0,930.1,123558,928.0333333333333,15.788435705927107,942.0530583333333,973.6299297451875,910.4761869214791
2022-01-27 06:00:00,930.0,935.0,923.01,924.5,43922,927.5033333333334,13.925602102879337,943.1253933333334,970.976597539092,915.2741891275747
2022-01-27 07:00:00,924.0,929.0,923.07,929.0,32336,927.0233333333334,13.201412294815906,943.5928933333332,969.995717922965,917.1900687437014
2022-01-27 08:00:00,929.0,932.6,923.68,929.01,141711,928.43,12.657202422114567,943.9623933333332,969.2767981775623,918.6479884891041
2022-01-27 09:00:00,925.4653,945.0,923.0,943.5,995046,937.1666666666666,12.697064501334557,943.4008933333334,968.7950223360026,918.0067643306643
2022-01-27 10:00:00,943.23,949.38,881.7,885.02,8127612,905.3666666666667,14.850505241833348,940.9148933333332,970.6159038169999,911.2138828496666
2022-01-27 11:00:00,885.47,896.0,857.901,874.5,9159483,876.1336666666666,19.984221348962674,936.82991,976.7983526979253,896.8614673020747
2022-01-27 12:00:00,874.5,878.4999,863.3001,873.3,5369273,871.7000000000002,24.167084142782688,932.82041,981.1545782855654,884.4862417144346
2022-01-27 13:00:00,873.19,874.33,855.77,864.0474,4576800,864.7158,27.76725665314667,928.3068649999999,983.8413783062932,872.7723516937066
2022-01-27 14:00:00,864.0,866.6,851.4106,857.55,4516236,858.5201999999999,31.11772800614879,923.6997083333332,985.9351643456308,861.4642523210356
2022-01-27 15:00:00,857.34,867.89,840.0,844.42,6009310,850.77,34.35969390487762,918.829625,987.5490128097553,850.1102371902447
2022-01-27 16:00:00,844.58,849.44,829.0,829.26,7553679,835.9,38.05085313565802,913.1872933333334,989.2889996046495,837.0855870620173
2022-01-27 17:00:00,829.1,839.94,820.79,838.5,1056600,833.0766666666667,40.27547321168045,906.8714633333335,987.4224097566944,826.3205169099726
2022-01-27 18:00:00,838.95,847.0,829.1,842.5,466600,839.5333333333333,40.939146883883296,900.8872116666668,982.7655054344334,819.0089178989001
2022-01-27 19:00:00,842.73,842.73,832.4,833.3,123561,836.1433333333333,40.64806716346711,894.5428783333334,975.8390126602676,813.2467440063992
2022-01-27 20:00:00,832.9999,837.0,830.08,837.0,95460,834.6933333333333,41.64409736673092,889.6388166666668,972.9270114001287,806.3506219332049
2022-01-28 05:00:00,837.91,846.0,835.5,842.5,159442,841.3333333333334,42.15729584584635,885.53765,969.8522416916927,801.2230583083073
2022-01-28 06:00:00,842.13,842.13,831.49,837.3,57207,836.9733333333334,41.21022855757479,880.20715,962.6276071151495,797.7866928848504
2022-01-28 07:00:00,836.47,837.75,830.01,830.99,39647,832.9166666666666,40.13505364891009,874.91615,955.1862572978202,794.6460427021798
2022-01-28 08:00:00,834.71,835.0,814.01,821.0,491084,823.3366666666667,39.35671405209883,869.4634833333332,948.1769114375309,790.7500552291356
2022-01-28 09:00:00,829.9999,833.98,814.1,822.88,582947,823.6533333333333,38.1460365657912,864.2444833333333,940.5365564649156,787.9524102017509
2022-01-28 10:00:00,822.88,839.32,792.01,805.09,9220235,812.14,36.84437695211843,858.4763166666668,932.1650705709036,784.78756276243
2022-01-28 11:00:00,805.42,853.0,800.0,851.83,10753508,834.9433333333333,33.601587574445546,853.8723166666666,921.0754918155577,786.6691415177755
2022-01-28 12:00:00,851.9699,857.5,841.07,855.16,5670866,851.2433333333333,28.923613263422446,850.0129833333334,907.8602098601783,792.1657568064885
2022-01-28 13:00:00,855.02,857.0,838.0,839.7725,3656780,844.9241666666667,20.9000067947694,845.4008583333332,887.200871922872,803.6008447437944
2022-01-28 14:00:00,839.92,844.2399,826.01,831.01,3260361,833.7533,15.84226848058671,841.82019,873.5047269611734,810.1356530388266
2022-01-28 15:00:00,830.76,834.6699,813.2001,828.495,4761305,825.4549999999999,14.109461031957498,839.2862566666666,867.5051787305816,811.0673346027517
2022-01-28 16:00:00,828.4,847.4799,822.9201,846.31,5060027,838.9033333333333,11.994274922696118,837.6464233333334,861.6349731787255,813.6578734879412
2022-01-28 17:00:00,846.35,849.69,843.99,848.33,448784,847.3366666666667,10.543482743834705,836.7774666666667,857.8644321543361,815.6905011789972
2022-01-28 18:00:00,848.0,849.89,847.0,849.55,46689,848.8133333333334,9.722924040585555,836.2921233333333,855.7379714145044,816.8462752521622
2022-01-28 19:00:00,849.55,851.88,847.1,847.26,33540,848.7466666666668,9.581250129700491,836.1909566666666,855.3534569260676,817.0284564072656
2022-01-28 20:00:00,848.0,852.0,847.9999,852.0,49464,850.6666333333333,10.086042254357348,836.9292883333334,857.101372842048,816.7572038246187
2022-01-31 05:00:00,860.59,873.0,859.0,864.93,86539,865.6433333333333,11.813528822498938,838.5576216666666,862.1846793116645,814.9305640216687
2022-01-31 06:00:00,866.4,868.0,861.01,863.0,20821,864.0033333333334,13.053318445450765,839.7811216666666,865.8877585575682,813.6744847757651
2022-01-31 07:00:00,861.05,866.01,860.16,866.01,17268,864.0600000000001,14.044653545112194,841.1769550000001,869.2662620902245,813.0876479097758
2022-01-31 08:00:00,864.78,864.78,851.53,860.5,222507,858.9366666666666,14.472437445115677,842.3891216666667,871.3339965568981,813.4442467764353
2022-01-31 09:00:00,864.7799,864.78,851.1,863.0,245188,859.6266666666667,14.947098177331453,843.3037883333334,873.1979846879963,813.4095919786705
2022-01-31 10:00:00,863.0,897.75,861.03,892.36,6086137,883.7133333333333,17.25100021021338,845.6407883333334,880.1427887537601,811.1387879129067
2022-01-31 11:00:00,892.655,921.0,887.67,919.226,7315754,909.2986666666666,21.852519157489443,849.4598883333332,893.1649266483121,805.7548500183543
2022-01-31 12:00:00,919.04,924.56,912.1,921.11,4800194,919.2566666666667,25.767990905419264,854.2558883333334,905.7918701441719,802.7199065224949
2022-01-31 13:00:00,921.175,932.18,913.71,929.9999,3215662,925.2966333333334,29.046075605766223,859.3380533333333,917.4302045448658,801.2459021218008
2022-01-31 14:00:00,929.99,930.0699,920.0,929.18,2507800,926.4166333333333,30.407575020032212,865.0518850000001,925.8670350400645,804.2367349599357
2022-01-31 15:00:00,929.19,936.9099,926.0,934.77,2981252,932.5599666666667,32.91411416372912,869.9327166666668,935.760944994125,804.1044883392086
2022-01-31 16:00:00,934.5,937.99,918.46,936.14,5609750,930.8633333333333,35.151854859779284,873.9137166666666,944.2174263862252,803.610006947108
2022-01-31 17:00:00,936.19,937.0,932.04,934.8,412853,934.6133333333333,36.84759159366415,878.398175,952.0933581873284,804.7029918126717
2022-01-31 18:00:00,934.97,936.7,934.15,936.12,43161,935.6566666666668,37.36378950424149,883.4933433333333,958.2209223418163,808.7657643248504
2022-01-31 19:00:00,936.21,939.7,933.02,935.0,49980,935.9066666666668,36.53066106357756,889.0159266666666,962.0772487938217,815.9546045395115
2022-01-31 20:00:00,935.05,940.0,934.08,938.0,51464,937.36,36.076984082757406,893.93876,966.0927281655148,821.7847918344852
2022-02-01 05:00:00,945.03,947.0,928.1,931.5,89737,935.5333333333333,35.496757906411894,898.3485933333334,969.3421091461572,827.3550775205096
2022-02-01 06:00:00,932.0,935.28,929.74,932.0,37204,932.34,34.31707663759917,902.5249266666666,971.159079941865,833.8907733914682
2022-02-01 07:00:00,932.5,933.13,925.21,930.0,43123,929.4466666666667,32.45018437160028,906.5599266666666,971.4602954098672,841.659557923466
2022-02-01 08:00:00,930.75,942.77,929.8,941.0,150075,937.8566666666666,30.44306974860212,910.9194283333333,971.8055678305375,850.033288836129
2022-02-01 09:00:00,930.5001,947.0,929.895,942.63,236029,939.8416666666667,29.194957931682215,914.629345,973.0192608633644,856.2394291366355
2022-02-01 10:00:00,943.99,945.55,910.3101,919.19,5086856,925.0167000000001,26.83811088142787,917.6800133333332,971.356235096189,864.0037915704775
2022-02-01 11:00:00,919.5,937.3,905.0,937.0001,5797845,926.4333666666666,23.88794406695655,920.7986816666668,968.5745698005799,873.0227935327537
2022-02-01 12:00:00,937.02,943.7,932.0,938.9746,3493486,938.2248666666668,19.461641150931747,924.7630916666667,963.6863739685302,885.8398093648032
2022-02-01 13:00:00,938.9,939.23,922.16,931.47,2180109,930.9533333333334,12.482588046905452,928.3294249999999,953.2946010938108,903.364248906189
2022-02-01 14:00:00,931.09,933.95,922.52,925.255,1497614,927.2416666666668,7.183842563069301,930.5058416666667,944.8735267928053,916.1381565405281
2022-02-01 15:00:00,925.5,930.5,918.28,924.79,1890642,924.5233333333332,5.507306465694114,931.267075,942.2816879313882,920.2524620686117
2022-02-01 16:00:00,924.93,935.31,924.1,930.95,2937518,930.12,4.78421238192963,931.8102416666667,941.378666430526,922.2418169028074
2022-02-01 17:00:00,931.25,938.0,929.15,934.4,331636,933.85,4.559875430205173,932.23791,941.3576608604104,923.1181591395897
2022-02-01 18:00:00,934.4501,935.16,931.9,934.3,38199,933.7866666666665,4.368322300355769,932.6064116666666,941.3430562673782,923.8697670659551
2022-02-01 19:00:00,934.3,936.0,932.0,936.0,24720,934.6666666666666,4.391271903891897,932.7117466666666,941.4942904744504,923.9292028588828
2022-02-01 20:00:00,935.5,938.6899,934.26,938.5,57203,937.1499666666667,4.471970794081543,933.0260783333333,941.9700199214964,924.0821367451703
2022-02-02 05:00:00,940.0,945.0,940.0,942.58,52689,942.5266666666666,4.922302376350816,933.421745,943.2663497527017,923.5771402472983
2022-02-02 06:00:00,942.1,942.1,937.11,938.0,7877,939.07,5.054238721861286,933.5924116666667,943.7008891103893,923.4839342229442
2022-02-02 07:00:00,938.0,941.16,938.0,939.57,5110,939.5766666666667,5.199464721734515,933.7759116666668,944.1748411101358,923.3769822231978
2022-02-02 08:00:00,939.82,944.5,939.82,943.0,80558,942.44,5.48461067587252,934.0299116666667,944.9991330184118,923.0606903149217
2022-02-02 09:00:00,942.0021,944.4767,931.25,935.61,254050,937.1122333333334,5.516950558081859,934.1088566666667,945.1427577828305,923.074955550503
2022-02-02 10:00:00,935.31,935.8,911.2,918.69,3306186,921.8966666666666,6.1208269022238415,933.5866900000001,945.8283438044477,921.3450361955524
2022-02-02 11:00:00,919.0,929.1413,911.5001,913.1964,3326997,917.9459333333334,6.964806429057683,933.0116533333334,946.9412661914487,919.082040475218
2022-02-02 12:00:00,913.4111,914.3599,889.41,901.14,4692983,901.6366333333334,9.657882161612179,931.2006516666668,950.5164159898911,911.8848873434424
2022-02-02 13:00:00,900.4801,913.09,897.19,911.88,2539054,907.3866666666668,10.736075044101932,929.5779016666668,951.0500517548707,908.1057515784629
2022-02-02 14:00:00,911.8289,912.2395,901.8201,904.9899,1701745,906.3498333333333,11.846058731384526,928.6445583333334,952.3366757961024,904.9524408705644
2022-02-02 15:00:00,904.68,911.45,900.0,906.015,1800858,905.8216666666667,12.847830665029443,927.6139733333333,953.3096346633922,901.9183120032744
2022-02-02 16:00:00,906.0101,911.5,900.8901,905.65,2752135,906.0133666666667,13.422837200773941,926.0033983333333,952.8490727348811,899.1577239317854
2022-02-02 17:00:00,905.66,906.0,884.21,888.0,834324,892.7366666666667,15.186505636735324,924.0925650000001,954.4655762734708,893.7195537265295
2022-02-02 18:00:00,888.0,905.66,888.0,889.0,41253,894.2199999999999,16.493227161462237,922.4414816666665,955.427935989591,889.455027343742
2022-02-02 19:00:00,889.47,889.88,883.2,884.0,83881,885.6933333333333,18.31834421905898,920.4999816666668,957.1366701047848,883.8632932285489
2022-02-02 20:00:00,884.0,885.99,880.6,881.0,59882,882.5300000000001,19.9338519215329,918.1204816666666,957.9881855097324,878.2527778236008
2022-02-03 05:00:00,890.02,891.0,880.99,884.0,42865,885.3299999999999,20.8053568456845,915.6944816666667,957.3051953580357,874.0837679752976
2022-02-03 06:00:00,884.1,885.49,882.0,882.0,11148,883.1633333333333,21.5175159224383,913.163315,956.1983468448766,870.1282831551234
2022-02-03 07:00:00,882.0,883.0,876.0,883.0,72546,880.6666666666666,22.0316906403569,910.463315,954.5266962807137,866.3999337192862
2022-02-03 08:00:00,881.5,883.42,878.05,881.0,91183,880.8233333333333,22.040445213671177,907.6469833333334,951.7278737606757,863.5660929059911
2022-02-03 09:00:00,879.2001,883.78,876.0001,878.7,173802,879.4933666666666,21.322521521706108,904.4953183333333,947.1403613767455,861.8502752899211
2022-02-03 10:00:00,878.5,904.0,875.28,897.25,3477183,892.1766666666666,19.924093218827103,902.1506516666666,941.9988381043208,862.3024652290123
2022-02-03 11:00:00,897.435,929.81,894.2001,926.23,5621464,916.7467,18.338030798205942,901.0091533333332,937.685214929745,864.3330917369213
2022-02-03 12:00:00,926.0401,937.0,920.5,920.85,4097338,926.1166666666667,16.772324050098316,900.1929866666667,933.7376347668633,866.6483385664701
2022-02-03 13:00:00,920.79,922.66,907.5,911.587,3130933,913.9156666666667,14.87379275356881,899.0331583333333,928.7807438404709,869.2855728261957
2022-02-03 14:00:00,911.16,919.56,904.5335,909.2,2099986,911.0978333333333,14.215449073106173,898.4932166666665,926.9241148128789,870.0623185204541
2022-02-03 15:00:00,908.83,913.15,896.1303,902.97,2194853,904.0834333333333,13.57352890437061,897.8000916666666,924.9471494754079,870.6530338579254
2022-02-03 16:00:00,902.96,909.0999,886.88,891.6034,3607823,895.8611000000001,13.550251908755806,897.511315,924.6118188175116,870.4108111824884
2022-02-03 17:00:00,891.14,909.0,889.98,906.84,929606,901.94,13.402973377603221,897.2389816666666,924.0449284218731,870.4330349114601
2022-02-03 18:00:00,907.39,907.39,898.36,902.65,64503,902.8000000000001,13.304287181566258,897.06149,923.6700643631326,870.4529156368675
2022-02-03 19:00:00,902.5,905.6,901.69,904.0,21343,903.7633333333333,13.243948278779149,896.9585733333333,923.4464698908916,870.470676775775
2022-02-03 20:00:00,903.03,908.0,903.03,907.8,38966,906.2766666666666,13.253070276231046,896.9717383333333,923.4778788857953,870.4655977808712
2022-02-04 05:00:00,908.11,910.99,904.5,904.5,35443,906.6633333333333,13.377539038130958,897.6680716666666,924.4231497429286,870.9129935904047
2022-02-04 06:00:00,906.0,906.0,899.02,903.02,33645,902.68,13.395563933135366,898.0910716666667,924.8821995329374,871.299943800396
2022-02-04 07:00:00,900.32,901.99,897.0,898.01,48966,899.0,13.090247376919132,898.7564049999999,924.9368997538381,872.5759102461616
2022-02-04 08:00:00,897.74,902.48,897.5,901.01,108664,900.3299999999999,12.550755972806467,899.6464050000001,924.747916945613,874.5448930543871
2022-02-04 09:00:00,897.0326,902.5,889.5,889.5,241925,893.8333333333334,12.197636094685762,900.0715716666667,924.4668438560383,875.6762994772952
2022-02-04 10:00:00,889.8791,907.33,881.17,903.08,3559725,897.1933333333333,11.59353313993251,900.7730716666667,923.9601379465317,877.5860053868017
2022-02-04 11:00:00,903.54,913.3,896.78,900.4,4245232,903.4933333333332,10.64255533058154,901.9144049999999,923.199515661163,880.6292943388368
2022-02-04 12:00:00,900.36,909.5,892.56,904.33,2445243,902.13,9.481018284506927,902.9797383333332,921.9417749023471,884.0177017643193
2022-02-04 13:00:00,904.99,919.9899,902.36,919.6562,2510501,914.0020333333333,8.087438047582527,904.7051716666667,920.8800477618317,888.5302955715017
2022-02-04 14:00:00,919.99,930.0,919.99,926.6803,3313769,925.5567666666666,8.747134119750777,906.3741766666666,923.8684449061682,888.879908427165
2022-02-04 15:00:00,926.915,934.5,921.29,931.505,3231922,929.0983333333334,9.827046910920794,906.9917583333333,926.6458521551749,887.3376645114918
2022-02-04 16:00:00,931.75,936.5,922.81,922.85,3977406,927.3866666666667,9.953709213040693,907.0552583333332,926.9626767594145,887.1478399072519
2022-02-04 17:00:00,923.32,923.87,921.0,922.0,233227,922.29,10.399644753948381,907.4739750000001,928.2732645078969,886.6746854921033
2022-02-04 18:00:00,922.0,922.89,921.32,922.89,26485,922.3666666666667,10.87511564487964,908.0374166666667,929.787647956426,886.2871853769074
2022-02-04 19:00:00,922.7,923.4,922.2,922.85,13782,922.8166666666667,11.29293662117224,908.9740783333334,931.5599515756779,886.3882050909889
2022-02-04 20:00:00,922.73,926.0,922.61,926.0,21722,924.87,11.37818672174539,910.4245233333334,933.1808967768242,887.6681498898425
2022-02-07 05:00:00,925.79,930.87,921.05,921.05,17769,924.3233333333333,11.587497064001143,911.5436900000001,934.7186841280023,888.3686958719978
2022-02-07 06:00:00,921.9,921.9,921.9,921.9,234,921.9,11.614564792028766,912.49869,935.7278195840576,889.2695604159425
2022-02-07 07:00:00,925.05,925.05,918.81,922.44,9147,922.1,11.612556429496193,913.4155233333333,936.6406361923257,890.190410474341
2022-02-07 08:00:00,924.0,932.6,922.0,930.5,70055,928.3666666666667,11.92728876155707,914.5200233333333,938.3746008564474,890.6654458102191
2022-02-07 09:00:00,925.4999,935.0,923.2,931.0,103752,929.7333333333332,12.223563969708852,915.6735233333333,940.1206512727509,891.2263953939156
2022-02-07 10:00:00,931.87,947.77,918.34,942.36,4059926,936.1566666666668,12.61547358222376,917.3473566666668,942.5783038311143,892.1164095022192
2022-02-07 11:00:00,942.5435,942.97,915.0901,925.585,4324542,927.8816999999999,12.074027366918333,918.7914416666666,942.9394964005033,894.6433869328299
2022-02-07 12:00:00,925.2352,928.56,907.3901,913.5767,2788963,916.5089333333332,11.329033186533666,919.6003883333333,942.2584547064006,896.942321960266
2022-02-07 13:00:00,913.6,917.4699,907.89,915.23,1772501,913.5299666666666,9.799109363703256,920.5852199999999,940.1834387274065,900.9870012725934
2022-02-07 14:00:00,914.94,921.25,912.3701,917.1,1723078,916.9067,8.26852826303999,921.5708883333333,938.1079448594132,905.0338318072534
2022-02-07 15:00:00,917.13,923.4694,911.26,919.65,1485317,918.1264666666666,7.2171005570659466,922.3025450000001,936.736746114132,907.8683438858683
2022-02-07 16:00:00,919.16,926.5799,902.7089,907.33,3161019,912.2062666666667,6.048377947542006,922.8063583333333,934.9031142284173,910.7096024382492
2022-02-07 17:00:00,907.32,909.81,906.58,909.25,130979,908.5466666666666,6.542140828412529,922.53359,935.6178716568251,909.449308343175
2022-02-07 18:00:00,908.7,908.81,907.34,908.58,36327,908.2433333333333,7.197486443639889,921.6679183333333,936.0628912206131,907.2729454460535
2022-02-07 19:00:00,908.61,910.4,908.03,910.01,13968,909.48,7.450391124687687,920.6870016666666,935.587783916042,905.7862194172911
2022-02-07 20:00:00,910.55,911.6,908.0,909.51,25843,909.7033333333334,7.649467312408328,919.8028350000001,935.1017696248167,904.5039003751834
2022-02-08 05:00:00,911.0,914.74,909.06,909.06,17313,910.9533333333333,7.86126164406082,919.2360016666665,934.9585249547882,903.5134783785448
2022-02-08 06:00:00,908.1,908.64,906.0,906.53,6983,907.0566666666667,8.254707824713268,918.4705016666667,934.9799173160932,901.9610860172402
2022-02-08 07:00:00,906.66,906.66,903.35,904.0,7969,904.67,8.711784105212194,917.5631683333334,934.9867365437577,900.139600122909
2022-02-08 08:00:00,904.87,905.6,900.0,902.8,47990,902.8000000000001,9.105247803189958,916.4596683333333,934.6701639397132,898.2491727269534
2022-02-08 09:00:00,903.1547,909.608,900.0,908.0,117293,905.8693333333334,9.196198164268559,915.5369683333332,933.9293646618703,897.1445720047961
2022-02-08 10:00:00,907.829,915.0,894.8,907.3,2903749,905.6999999999999,9.312778821409708,914.7269683333334,933.3525259761528,896.101410690514
2022-02-08 11:00:00,907.05,916.5,897.2801,913.42,3304933,909.0667,9.22968223649417,914.0753033333333,932.5346678063216,895.615938860345
2022-02-08 12:00:00,913.64,920.87,913.01,918.705,2260817,917.5283333333333,8.67625368611494,913.5333866666667,930.8858940388966,896.1808792944369
2022-02-08 13:00:00,918.775,925.3206,914.5,921.23,1778977,920.3502,8.016158908659383,913.06423,929.0965478173188,897.0319121826811
2022-02-08 14:00:00,921.2994,926.2899,918.02,921.3,1517392,921.8699666666666,6.400199021013948,912.349895,925.1502930420279,899.549496957972
2022-02-08 15:00:00,921.44,925.36,915.0,916.44,1823399,918.9333333333334,5.555861682054777,911.9024766666668,923.0142000307764,900.7907533025572
2022-02-08 16:00:00,916.46,925.11,914.78,921.67,2427431,920.52,5.786146442974516,912.1030299999999,923.675322885949,900.5307371140508
2022-02-08 17:00:00,922.0,923.5,921.21,922.0,87363,922.2366666666667,6.19053279527602,912.538365,924.919430590552,900.157299409448
2022-02-08 18:00:00,922.0,922.2499,920.01,922.0,15605,921.4199666666667,6.4235346363223,912.7640283333334,925.611097605978,899.9169590606888
2022-02-08 19:00:00,921.6,924.0,921.6,924.0,14911,923.1999999999999,6.723476285393906,913.017705,926.4646575707878,899.5707524292121
2022-02-08 20:00:00,924.0,924.5,922.75,924.0,19857,923.75,7.113239423918409,913.5948916666669,927.8213705145037,899.36841281883
2022-02-09 05:00:00,928.01,932.0,928.01,930.5,21999,930.1700000000001,7.86713008481687,914.6760583333332,930.410318502967,898.9417981636994
2022-02-09 06:00:00,931.1,935.0,931.1,935.0,10703,933.6999999999999,8.734881301857547,915.9488916666667,933.4186542703818,898.4791290629515
2022-02-09 07:00:00,934.7,935.88,929.74,935.88,14245,933.8333333333334,9.41890513611296,917.1665583333333,936.0043686055593,898.3287480611074
2022-02-09 08:00:00,934.56,939.5,933.69,937.12,106064,936.77,10.164350581363848,918.5198916666666,938.8485928293943,898.1911905039389
2022-02-09 09:00:00,933.955,940.89,922.0,938.0,123864,933.63,10.515777344293639,919.6537250000001,940.6852796885873,898.6221703114129
2022-02-09 10:00:00,937.85,946.2699,929.54,931.0,3668666,935.6033000000001,10.645630590502844,921.0810566666667,942.3723178476723,899.789795485661
2022-02-09 11:00:00,930.76,935.67,920.0,929.42,3691958,928.3633333333333,10.055419145167663,922.2657233333333,942.3765616236686,902.154885042998
2022-02-09 12:00:00,929.47,935.09,928.5552,930.01,2000847,931.2184000000001,9.173562136324323,923.6866433333332,942.0337676059819,905.3395190606846
2022-02-09 13:00:00,930.0,938.19,926.31,937.755,1643601,934.085,8.467431543387086,925.0974266666668,942.032289753441,908.1625635798927
2022-02-09 14:00:00,937.8898,939.1,932.86,935.05,1400166,935.67,7.498523319423968,926.5959266666666,941.5929733055145,911.5988800278187
2022-02-09 15:00:00,935.3,936.6,930.01,930.0701,1119253,932.2267,6.411589429458506,927.7539266666666,940.5771055255836,914.9307478077496
2022-02-09 16:00:00,930.2889,936.0,926.95,931.99,2658863,931.6466666666666,6.011629891810547,928.4598433333333,940.4831031169545,916.4365835497122
2022-02-09 17:00:00,932.0,933.5,930.11,932.61,167480,932.0733333333334,5.758529679314236,929.046,940.5630593586285,917.5289406413716
2022-02-09 18:00:00,932.61,932.8,931.72,932.0,291828,932.1733333333333,5.550630921319339,929.5611683333333,940.662430175972,918.4599064906946
2022-02-09 19:00:00,932.0,932.24,930.4,931.0,9015,931.2133333333335,4.992138444064424,930.1751683333332,940.1594452214621,920.1908914452043
2022-02-09 20:00:00,930.31,930.85,929.0,930.0,23857,929.9499999999999,4.47666787425337,930.6466683333334,939.6000040818402,921.6933325848266
2022-02-10 05:00:00,928.44,928.44,925.0,925.0,5948,926.1466666666666,4.180721152469438,930.8421683333333,939.2036106382723,922.4807260283944
2022-02-10 06:00:00,925.67,926.2,925.67,926.2,357,926.0233333333332,3.761331708122841,931.0723366666667,938.5950000829124,923.549673250421
2022-02-10 07:00:00,927.0,929.75,927.0,929.75,1960,928.8333333333334,3.349664561427828,931.3540033333333,938.0533324561889,924.6546742104777
2022-02-10 08:00:00,928.18,931.79,926.52,929.4,31889,929.2366666666667,2.9117187861537657,931.6283366666667,937.4517742389742,925.8048990943591
2022-02-10 09:00:00,929.5,932.89,908.57,910.2,497609,917.2199999999999,4.281649334424149,930.9808366666666,939.544135335515,922.4175379978183
2022-02-10 10:00:00,910.3,930.22,905.98,927.7,3756908,921.3000000000001,4.718512317419746,930.3608366666667,939.7978613015063,920.9238120318272
2022-02-10 11:00:00,927.65,943.81,924.74,936.87,4143825,935.14,4.774850625781991,930.4261700000001,939.9758712515641,920.8764687484361
2022-02-10 12:00:00,937.0,938.79,927.1,935.705,2600110,933.8650000000001,4.621381781570405,930.2809199999999,939.5236835631407,921.0381564368591
2022-02-10 13:00:00,935.77,936.18,921.2001,925.6025,1826800,927.6608666666666,4.588083512787107,929.9824633333334,939.1586303589075,920.8062963077592
2022-02-10 14:00:00,925.23,927.31,911.5,920.97,2482497,919.9266666666666,4.890028663212522,929.1986316666668,938.9786889930919,919.4185743402417
2022-02-10 15:00:00,920.736,921.6926,908.7901,911.1338,2193657,913.8721666666667,5.924317332247291,928.4740733333332,940.3227079978278,916.6254386688386
2022-02-10 16:00:00,911.39,912.91,896.7,904.43,3547767,904.68,7.827397333322253,927.1471533333333,942.8019479999779,911.4923586666888
2022-02-10 17:00:00,904.55,906.0,902.0,903.95,241277,903.9833333333332,9.133691214647842,925.6420699999999,943.9094524292956,907.3746875707042
2022-02-10 18:00:00,903.54,905.49,902.0,902.0,94754,903.1633333333333,10.050836674740786,924.0167366666667,944.1184100161482,903.9150633171852
2022-02-10 19:00:00,902.0,904.55,901.25,901.25,32725,902.35,10.903667907978969,922.5229016666668,944.3302374826247,900.7155658507089
2022-02-10 20:00:00,902.0,902.0,899.0501,900.2,46529,900.4167000000001,11.692893141566554,920.9614033333334,944.3471896164665,897.5756170502002
2022-02-11 05:00:00,899.99,902.0,897.0,899.0,22526,899.3333333333334,12.29873579682462,919.3244033333333,943.9218749269826,894.726931739684
2022-02-11 06:00:00,899.0,901.75,898.5,901.75,3489,900.6666666666666,12.566942104500777,917.7490700000001,942.8829542090016,892.6151857909986
2022-02-11 07:00:00,900.6,901.4,898.0,899.0,7094,899.4666666666667,12.769353976354127,916.1617366666667,941.7004446193749,890.6230287139584
2022-02-11 08:00:00,900.5,910.0,900.4,908.78,82500,906.3933333333333,12.527345469371692,914.9839033333334,940.0385942720768,889.92921239459
2022-02-11 09:00:00,901.2952,913.08,900.5,911.5,148112,908.36,12.33316306702693,914.09457,938.7608961340538,889.4282438659461
2022-02-11 10:00:00,910.02,915.96,898.2401,898.96,3431125,904.3867,12.187449230523447,913.0127383333332,937.3876367943801,888.6378398722863
2022-02-11 11:00:00,898.67,904.4399,884.5,886.68,4840320,891.8732999999999,12.447812656500124,911.1647366666666,936.0603619796668,886.2691113536664
2022-02-11 12:00:00,886.47,891.0,882.1,886.0267,2737445,886.3755666666666,12.8355276465949,909.0216816666665,934.6927369598563,883.3506263734766
2022-02-11 13:00:00,886.0,892.47,882.6,883.4086,1908262,886.1595333333335,13.605592917571025,907.4686583333335,934.6798441684755,880.2574724981914
2022-02-11 14:00:00,883.3,887.8999,868.0,870.1401,3327085,875.3466666666667,14.894922065731537,905.1709916666666,934.9608357981297,875.3811475352036
2022-02-11 15:00:00,870.1,872.7,852.01,855.5395,4191142,860.0831666666667,16.2638681717023,901.4181499999999,933.9458863434045,868.8904136565952
2022-02-11 16:00:00,855.56,866.0,850.7,859.33,4882950,858.6766666666667,17.00241189841777,897.6587333333334,931.663557130169,863.6539095364978
2022-02-11 17:00:00,859.27,861.3,858.5,860.8,247853,860.1999999999999,17.40275909027791,894.2856899999999,929.0912081805558,859.4801718194441
2022-02-11 18:00:00,860.53,860.53,858.0,859.0,106150,859.1766666666666,17.955188928392086,891.2481899999999,927.1585678567841,855.3378121432157
2022-02-11 19:00:00,859.3,859.9,855.04,856.0201,26160,856.9866999999999,18.6386476843106,888.4039166666668,925.681212035288,851.1266212980455
2022-02-11 20:00:00,856.1,857.4799,856.05,857.0,32817,856.8433,19.448300558608405,886.0120816666667,924.9086827838836,847.1154805494499
2022-02-14 05:00:00,844.0,852.1,833.66,842.0,90647,842.5866666666666,21.141252493556408,882.9422483333334,925.2247533204462,840.6597433462206
2022-02-14 06:00:00,840.0,844.0,839.3,841.0,21180,841.4333333333334,22.430580956393175,879.8557483333334,924.7169102461197,834.9945864205471
2022-02-14 07:00:00,842.5,845.0,841.0,844.4,19652,843.4666666666667,23.13809715610166,876.9115816666666,923.1877759788699,830.6353873544633
2022-02-14 08:00:00,843.75,858.0,838.0,855.0,264513,850.3333333333334,23.168865224558353,874.4074133333334,920.7451437824501,828.0696828842166
2022-02-14 09:00:00,849.9999,859.4699,838.0,853.5,292902,850.3233,22.994097258551772,871.9569116666668,917.9451061837703,825.9687171495632
2022-02-14 10:00:00,853.0,878.9658,853.0,872.3793,3945216,868.1150333333334,22.03644677579569,870.3293299999999,914.4022235515913,826.2564364484085
2022-02-14 11:00:00,872.96,887.06,867.53,885.085,4057153,879.8916666666668,21.13692810379448,869.35058,911.624436207589,827.076723792411
2022-02-14 12:00:00,885.37,898.8799,884.1701,890.585,3275652,891.2116666666667,20.036980784157585,868.5914966666667,908.6654582349819,828.5175350983515
2022-02-14 13:00:00,890.48,895.4299,884.16,884.45,1561078,888.0133000000001,18.445304492193753,867.5741616666667,904.4647706510542,830.6835526822791
2022-02-14 14:00:00,884.38,886.7499,862.1301,862.7789,2310745,870.5529666666667,16.433288443455595,865.882475,898.7490518869112,833.0158981130888
2022-02-14 15:00:00,862.88,874.9864,859.04,873.67,3163056,869.2321333333333,15.347842660589643,864.7504166666668,895.4461019878461,834.0547313454874
2022-02-14 16:00:00,873.85,878.5,868.0,875.78,2838097,874.0933333333332,14.702424635445976,864.1363050000002,893.5411542708922,834.7314557291082
2022-02-14 17:00:00,875.76,877.6,873.92,874.22,157610,875.2466666666666,14.063585638835416,863.5906616666667,891.7178329443376,835.4634903889959
2022-02-14 18:00:00,874.77,876.0,874.77,875.75,7477,875.5066666666667,14.070314605610553,863.5986616666665,891.7392908778877,835.4580324554454
2022-02-14 19:00:00,875.76,882.96,875.76,879.0,30042,879.2400000000001,14.445446702355488,864.5565033333335,893.4473967380444,835.6656099286225
2022-02-14 20:00:00,880.0,880.4,876.13,880.0,16261,878.8433333333334,14.701402855870327,865.5648366666667,894.9676423784074,836.162030954926
2022-02-15 05:00:00,897.99,908.0,895.0,904.0,100434,902.3333333333334,16.668840548144885,867.6715033333334,901.0091844296231,834.3338222370436
2022-02-15 06:00:00,905.99,906.84,900.52,901.36,27932,902.9066666666668,18.20816265376999,869.8580033333334,906.2743286408734,833.4416780257934
2022-02-15 07:00:00,902.0,906.0,901.0,905.6,19817,904.1999999999999,19.407461509987606,872.2186683333333,911.0335913533086,833.4037453133581
2022-02-15 08:00:00,904.5,908.27,903.27,905.8,147658,905.7800000000001,20.37549048089741,874.6655033333333,915.4164842951282,833.9145223715384
2022-02-15 09:00:00,907.9399,908.27,896.58,898.86,259241,901.2366666666667,19.758790550970954,877.5980033333333,917.1155844352752,838.0804222313914
2022-02-15 10:00:00,898.0,915.8,893.3774,914.5931,4433050,907.9234999999999,18.972218319750855,880.9225116666667,918.8669483061684,842.9780750271649
2022-02-15 11:00:00,914.77,921.7985,913.79,916.3388,4264255,917.3091,18.50312081419217,884.6146333333332,921.6208749617176,847.6083917049489
2022-02-15 12:00:00,916.65,920.7,914.3301,917.6694,1805394,917.5664999999999,18.07195707362404,887.9762916666666,924.1202058139147,851.8323775194185
2022-02-15 13:00:00,917.72,917.94,908.501,912.4201,1739366,912.9537,16.64618191179316,891.1078116666667,924.4001754902531,857.8154478430804
2022-02-15 14:00:00,912.6,919.3399,912.0,917.24,1357797,916.1932999999999,16.623695930752934,893.5117250000001,926.759116861506,860.2643331384942
2022-02-15 15:00:00,917.4,918.8802,913.0,916.365,1313976,916.0817333333333,17.007878422747314,895.3212283333332,929.3369851788278,861.3054714878386
2022-02-15 16:00:00,916.26,923.0,913.2,922.26,2920449,919.4866666666667,17.76578833088904,896.7349783333333,932.2665549951114,861.2034016715552
2022-02-15 17:00:00,922.43,922.99,919.9,920.0,133254,920.9633333333335,18.39718046139348,898.38248,935.1768409227869,861.588119077213
2022-02-15 18:00:00,920.4799,922.43,918.0,920.1,72918,920.1766666666666,17.813624222190686,900.8636650000001,936.4909134443815,865.2364165556187
2022-02-15 19:00:00,920.0,920.3999,918.37,918.89,20269,919.2199666666667,16.670280441280276,903.3630566666667,936.7036175492273,870.0224957841061
2022-02-15 20:00:00,918.8,919.5,917.9,918.0,27018,918.4666666666667,15.541746515892742,905.5817233333333,936.6652163651188,874.4982303015479
2022-02-16 05:00:00,918.0,928.49,918.0,924.0,22017,923.4966666666666,14.344413724429332,907.9942233333334,936.683050782192,879.3053958844747
2022-02-16 06:00:00,923.0,924.0,920.0,921.1,9323,921.6999999999999,12.531879100111777,910.3038900000001,935.3676482002237,885.2401317997766
2022-02-16 07:00:00,920.0,926.0,920.0,925.65,19348,923.8833333333333,10.631896666051444,912.5360566666666,933.7998499987694,891.2722633345637
2022-02-16 08:00:00,925.71,927.19,919.52,920.21,56305,922.3066666666667,7.505187143853378,914.7092233333333,929.7195976210401,899.6988490456265
2022-02-16 09:00:00,926.0,927.45,915.1,916.0,168082,919.5166666666668,7.006219352026184,915.56839,929.5808287040524,901.5559512959477
2022-02-16 10:00:00,915.73,917.66,903.29,905.3,2693676,908.75,6.581056789658191,915.8605566666668,929.0226702459831,902.6984430873504
2022-02-16 11:00:00,905.03,915.855,902.96,913.1353,2573269,910.6501,6.14534887851083,916.1830616666666,928.4737594236883,903.8923639096449
2022-02-16 12:00:00,913.04,916.42,908.3464,911.0,1338361,911.9221333333334,5.759130945287651,916.4901683333334,928.0084302239087,904.971906442758
2022-02-16 13:00:00,910.903,914.88,904.69,905.36,1384105,908.3100000000001,4.975419698597486,916.843835,926.794674397195,906.8929956028051
2022-02-16 14:00:00,905.18,907.35,901.21,904.6099,1082560,904.3899666666666,5.338530652739226,916.6671583333333,927.3442196388118,905.9900970278549
2022-02-16 15:00:00,904.01,925.674,901.4,921.6803,3943191,916.2514333333334,5.337148095369191,916.6142750000001,927.2885711907385,905.9399788092618
2022-02-16 16:00:00,921.99,926.4299,920.1,923.26,2668372,923.2633000000001,5.528938055024937,916.8991149999999,927.9569911100498,905.8412388899501
2022-02-16 17:00:00,923.39,923.39,919.09,919.5,372628,920.66,5.509045851154971,917.2844299999999,928.3025217023098,906.26633829769
2022-02-16 18:00:00,919.99,920.95,919.5,920.95,11865,920.4666666666667,5.545334553455469,917.4980983333332,928.5887674402442,906.4074292264223
2022-02-16 19:00:00,921.0,921.5,920.5,920.66,23564,920.8866666666667,5.582726227008171,917.738345,928.9037974540163,906.5728925459837
2022-02-16 20:00:00,920.6,920.8,918.52,918.8,30893,919.3733333333333,5.581005995751463,917.7326783333334,928.8946903248363,906.5706663418305
2022-02-17 05:00:00,914.0,915.35,911.73,912.3,16574,913.1266666666667,5.615425642880945,917.340845,928.5716962857618,906.109993714238
2022-02-17 06:00:00,913.3,914.0,912.0,912.0,2314,912.6666666666666,5.664124630431281,916.965345,928.2935942608625,905.6370957391374
2022-02-17 07:00:00,913.0,913.0,909.49,911.5,8705,911.3299999999999,5.767180300156806,916.5708466666667,928.1052072669803,905.0364860663532
2022-02-17 08:00:00,912.5,918.0,912.5,916.5,28722,915.6666666666666,5.753428457408396,916.4308466666665,927.9377035814833,904.9239897518497
2022-02-17 09:00:00,915.442,921.082,912.0,913.13,126857,915.404,5.522195303526913,916.0262133333333,927.0706039403872,904.9818227262795
2022-02-17 10:00:00,912.27,918.4999,905.2994,907.699,2276435,910.4994333333334,5.486226511696039,915.4661849999999,926.438638023392,904.4937319766078
2022-02-17 11:00:00,907.69,910.56,888.0,892.8556,3579616,897.1385333333333,6.446952147914815,914.128945,927.0228492958297,901.2350407041704
2022-02-17 12:00:00,892.96,899.18,886.85,889.2788,2402948,891.7696,7.802894959857548,912.6020916666666,928.2078815863817,896.9963017469515
2022-02-17 13:00:00,889.15,894.3499,886.57,887.87,1949593,889.5966333333334,9.09500616012471,911.10609,929.2961023202494,892.9160776797506
2022-02-17 14:00:00,887.74,888.1,880.12,881.06,2015904,883.0933333333332,10.955895421666126,909.8232566666668,931.735047509999,887.9114658233345
2022-02-17 15:00:00,881.13,881.84,876.0,878.2001,1978663,878.6800333333334,12.881663947969114,908.2247533333333,933.9880812292715,882.4614254373951
2022-02-17 16:00:00,878.1101,880.64,874.1,876.4,3094804,877.0466666666666,14.51952630414824,906.48098,935.5200326082966,877.4419273917035
2022-02-17 17:00:00,876.35,876.5,872.5,874.34,248254,874.4466666666667,16.096348236933466,904.7878133333334,936.9805098072003,872.5951168594664
2022-02-17 18:00:00,874.5,874.5,871.12,873.72,23052,873.1133333333333,17.51578080326348,903.2239816666666,938.2555432731936,868.1924200601397
2022-02-17 19:00:00,874.0,877.0,873.32,876.25,18559,875.5233333333334,18.235575200194056,901.1875766666666,937.6587270670547,864.7164262662785
2022-02-17 20:00:00,876.0,876.48,870.99,871.21,38503,872.8933333333334,18.489313164169474,898.6690783333333,935.6477046616723,861.6904520049944
2022-02-18 05:00:00,884.12,888.0,884.0,887.91,32818,886.6366666666667,17.944905906504136,896.9679116666669,932.8577234796751,861.0780998536586
2022-02-18 06:00:00,886.95,887.5,886.95,887.0,9509,887.15,17.217858242129473,895.3020783333334,929.7377948175923,860.8663618490745
2022-02-18 07:00:00,886.95,887.67,884.06,884.5,9564,885.41,16.29331950309561,893.5282450000001,926.1148840061913,860.9416059938088
2022-02-18 08:00:00,884.0,886.0,883.3,885.0,33450,884.7666666666668,15.261652603246443,891.7979116666666,922.3212168731594,861.2746064601737
2022-02-18 09:00:00,886.0,888.19,872.05,875.99,267617,878.7433333333333,14.688016116377252,890.0787450000001,919.4547772327546,860.7027127672457
2022-02-18 10:00:00,876.88,886.87,861.02,875.615,3332441,874.5016666666667,14.096735706596265,888.1704950000001,916.3639664131927,859.9770235868075
2022-02-18 11:00:00,875.7341,875.9899,851.69,852.8402,3964701,860.1733666666668,14.302072608542826,885.6126633333333,914.2168085504189,857.0085181162477
2022-02-18 12:00:00,852.795,853.63,842.3196,846.4723,3579531,847.4739666666668,14.848889635942772,882.2030283333334,911.9008076052189,852.5052490614478
2022-02-18 13:00:00,846.17,853.29,843.1825,843.53,1930385,846.6675,14.720775117353824,878.7662033333332,908.2077535680409,849.3246530986256
2022-02-18 14:00:00,843.575,848.798,837.61,846.8304,2393576,844.4128000000001,14.643788239723316,875.4618716666668,904.7494481461134,846.1742951872201
2022-02-18 15:00:00,846.985,863.08,843.75,858.4699,3159662,855.0999666666667,14.396489398540387,873.3599433333333,902.152922130414,844.5669645362525
2022-02-18 16:00:00,858.44,862.8276,850.54,856.98,3027237,856.7825333333334,14.177214927609032,871.61059,899.9650198552181,843.2561601447819
2022-02-18 17:00:00,856.98,859.66,854.21,855.0,284086,856.29,13.920532665871535,869.9452583333334,897.7863236650765,842.1041930015904
2022-02-18 18:00:00,854.88,856.98,850.42,851.14,55553,852.8466666666667,14.052351249146012,868.4329249999998,896.5376274982918,840.3282225017078
2022-02-18 19:00:00,851.99,852.0,848.55,849.98,32171,850.1766666666666,14.38234535143546,867.0077566666666,895.7724473695375,838.2430659637957
2022-02-18 20:00:00,848.94,852.0,848.11,852.0,31195,850.7033333333334,14.607178204307727,865.6905899999999,894.9049464086154,836.4762335913845
